"","tickers"
"1","AACAF"
"2","AACAY"
"3","AADR"
"4","AAGIY"
"5","AAGRY"
"6","AAIGF"
"7","AAL"
"8","AALBF"
"9","AAN"
"10","AAON"
"11","AAP"
"12","AAPL"
"13","AAT"
"14","AATDF"
"15","AATRL"
"16","AAUKF"
"17","AAVMY"
"18","AAXJ"
"19","AB"
"20","ABAKF"
"21","ABB"
"22","ABBV"
"23","ABC"
"24","ABCB"
"25","ABCZF"
"26","ABCZY"
"27","ABDDF"
"28","ABEQ"
"29","ABEV"
"30","ABGSF"
"31","ABLZF"
"32","ABM"
"33","ABMRF"
"34","ABR"
"35","ABSSF"
"36","ABT"
"37","ABTO"
"38","ABTX"
"39","ABTZY"
"40","ABZPY"
"41","AC"
"42","ACA"
"43","ACAZF"
"44","ACC"
"45","ACCFF"
"46","ACCO"
"47","ACDSF"
"48","ACEJF"
"49","ACES"
"50","ACEYY"
"51","ACFL"
"52","ACGBF"
"53","ACGBY"
"54","ACGLO"
"55","ACGLP"
"56","ACKDF"
"57","ACN"
"58","ACNB"
"59","ACNDF"
"60","ACRE"
"61","ACSG"
"62","ACSI"
"63","ACWI"
"64","ACWV"
"65","ACWX"
"66","ADBKF"
"67","ADC"
"68","ADDC"
"69","ADHMY"
"70","ADI"
"71","ADKT"
"72","ADLDY"
"73","ADM"
"74","ADOOY"
"75","ADP"
"76","ADRE"
"77","ADRZF"
"78","ADRZY"
"79","ADS"
"80","ADT"
"81","ADTN"
"82","ADTTF"
"83","ADWPF"
"84","ADX"
"85","AE"
"86","AEB"
"87","AEBZY"
"88","AEFC"
"89","AEG"
"90","AEGOF"
"91","AEGXF"
"92","AEM"
"93","AEO"
"94","AEOXF"
"95","AEP"
"96","AEPLF"
"97","AES"
"98","AESTY"
"99","AFAP"
"100","AFBOF"
"101","AFC"
"102","AFG"
"103","AFGH"
"104","AFHFF"
"105","AFIF"
"106","AFIN"
"107","AFK"
"108","AFMC"
"109","AFSIA"
"110","AFSIB"
"111","AFSIC"
"112","AFSIM"
"113","AFSIN"
"114","AFT"
"115","AFTY"
"116","AGCO"
"117","AGESF"
"118","AGFMF"
"119","AGGY"
"120","AGGZF"
"121","AGI"
"122","AGLXY"
"123","AGLY"
"124","AGM"
"125","AGM-A"
"126","AGNCN"
"127","AGNCO"
"128","AGPIF"
"129","AGPPF"
"130","AGPYF"
"131","AGRPY"
"132","AGT"
"133","AGUNF"
"134","AGX"
"135","AGXKF"
"136","AGZD"
"137","AHC"
"138","AHCHF"
"139","AHCHY"
"140","AHEXY"
"141","AHKSF"
"142","AHKSY"
"143","AHODF"
"144","AHOTF"
"145","AHT"
"146","AHWSF"
"147","AI"
"148","AIA"
"149","AIBGY"
"150","AIC"
"151","AICAF"
"152","AIFS"
"153","AILIH"
"154","AILIM"
"155","AILIN"
"156","AILIP"
"157","AILLI"
"158","AILLM"
"159","AILLN"
"160","AILNP"
"161","AIQUF"
"162","AIQUY"
"163","AIR"
"164","AIRR"
"165","AIRTP"
"166","AIRYY"
"167","AIT"
"168","AIV"
"169","AIW"
"170","AIZ"
"171","AJG"
"172","AJMPF"
"173","AJX"
"174","AJXA"
"175","AKO-A"
"176","AKO-B"
"177","AKZOF"
"178","AL"
"179","ALARF"
"180","ALB"
"181","ALCO"
"182","ALE"
"183","ALEDY"
"184","ALEX"
"185","ALFA"
"186","ALFFF"
"187","ALFVY"
"188","ALG"
"189","ALGT"
"190","ALIZF"
"191","ALK"
"192","ALL"
"193","ALLE"
"194","ALLWF"
"195","ALOT"
"196","ALPMF"
"197","ALPMY"
"198","ALPVN"
"199","ALSK"
"200","ALSN"
"201","ALSWF"
"202","ALTS"
"203","ALX"
"204","AM"
"205","AMADF"
"206","AMADY"
"207","AMAL"
"208","AMAT"
"209","AMBK"
"210","AMC"
"211","AMCA"
"212","AMCCF"
"213","AMDUF"
"214","AME"
"215","AMEN"
"216","AMG"
"217","AMGN"
"218","AMIGF"
"219","AMJ"
"220","AMKAF"
"221","AMKBY"
"222","AMLLF"
"223","AMLP"
"224","AMNB"
"225","AMNF"
"226","AMOV"
"227","AMOVF"
"228","AMPY"
"229","AMRB"
"230","AMSF"
"231","AMSWA"
"232","AMT"
"233","AMTD"
"234","AMU"
"235","AMUB"
"236","AMVMF"
"237","AMZA"
"238","ANCTF"
"239","ANDE"
"240","ANEWF"
"241","ANFGF"
"242","ANGL"
"243","ANH"
"244","ANPDF"
"245","ANPDY"
"246","ANTM"
"247","ANZLY"
"248","AOA"
"249","AOCIF"
"250","AOK"
"251","AOM"
"252","AON"
"253","AONNF"
"254","AONNY"
"255","AOS"
"256","AOTUF"
"257","APAJF"
"258","APAM"
"259","APD"
"260","APEMY"
"261","APEOF"
"262","APH"
"263","APLE"
"264","APOG"
"265","APRDM"
"266","APRDN"
"267","APRDO"
"268","APRDP"
"269","APTS"
"270","APTTF"
"271","APTV"
"272","APYRF"
"273","AQFH"
"274","ARC"
"275","ARCB"
"276","ARCC"
"277","ARCH"
"278","ARCO"
"279","ARD"
"280","ARDC"
"281","ARE"
"282","ARGKF"
"283","ARKAF"
"284","ARKAY"
"285","ARKF"
"286","ARKG"
"287","ARKK"
"288","ARLP"
"289","ARLUF"
"290","ARMK"
"291","ARMZF"
"292","AROC"
"293","AROW"
"294","ARR"
"295","ARRPY"
"296","ARSSF"
"297","ARTNB"
"298","ARZGF"
"299","ASA"
"300","ASAZF"
"301","ASAZY"
"302","ASBRF"
"303","ASBRY"
"304","ASCCF"
"305","ASEJF"
"306","ASET"
"307","ASG"
"308","ASGLF"
"309","ASGTF"
"310","ASH"
"311","ASHR"
"312","ASHS"
"313","ASHTF"
"314","ASHX"
"315","ASMIY"
"316","ASML"
"317","ASMVY"
"318","ASNXF"
"319","ASOZF"
"320","ASRV"
"321","ASRVP"
"322","ASTE"
"323","ASTVF"
"324","ASXSF"
"325","ATCO"
"326","ATDRY"
"327","ATGFF"
"328","ATHM"
"329","ATLCY"
"330","ATLKF"
"331","ATLO"
"332","ATNI"
"333","ATO"
"334","ATR"
"335","ATRI"
"336","ATTLF"
"337","ATUSF"
"338","ATV"
"339","ATVDY"
"340","ATVI"
"341","AUB"
"342","AUBN"
"343","AUDC"
"344","AUHEF"
"345","AUKNY"
"346","AULGF"
"347","AUTLY"
"348","AVA"
"349","AVAL"
"350","AVB"
"351","AVDE"
"352","AVDV"
"353","AVDWF"
"354","AVIFY"
"355","AVIVF"
"356","AVNBF"
"357","AVNT"
"358","AVSFY"
"359","AVT"
"360","AVUV"
"361","AVVYY"
"362","AVY"
"363","AWAEF"
"364","AWCMF"
"365","AWCMY"
"366","AWI"
"367","AWK"
"368","AWP"
"369","AWR"
"370","AWRRF"
"371","AWTM"
"372","AXAHF"
"373","AXAHY"
"374","AXELF"
"375","AXFOF"
"376","AXO"
"377","AXP"
"378","AXS"
"379","AYALY"
"380","AYYLF"
"381","AZN"
"382","AZZ"
"383","B"
"384","BA"
"385","BAB"
"386","BABB"
"387","BAC"
"388","BACHY"
"389","BAESY"
"390","BAFBF"
"391","BAFYY"
"392","BAH"
"393","BAK"
"394","BAM"
"395","BAMXF"
"396","BANC"
"397","BANF"
"398","BANFP"
"399","BANGN"
"400","BANR"
"401","BANX"
"402","BAOB"
"403","BAP"
"404","BASFY"
"405","BATT"
"406","BAX"
"407","BAYRY"
"408","BAYZF"
"409","BBAVF"
"410","BBAVY"
"411","BBAX"
"412","BBBK"
"413","BBBY"
"414","BBCA"
"415","BBD"
"416","BBDC"
"417","BBDO"
"418","BBEU"
"419","BBF"
"420","BBGI"
"421","BBH"
"422","BBIN"
"423","BBJP"
"424","BBK"
"425","BBL"
"426","BBMC"
"427","BBN"
"428","BBRE"
"429","BBRYF"
"430","BBSA"
"431","BBSEY"
"432","BBSI"
"433","BBU"
"434","BBUS"
"435","BBVA"
"436","BBVXF"
"437","BBX"
"438","BBXTB"
"439","BBY"
"440","BC"
"441","BCAUF"
"442","BCAUY"
"443","BCBHF"
"444","BCBP"
"445","BCC"
"446","BCCCF"
"447","BCCLF"
"448","BCD"
"449","BCDRF"
"450","BCE"
"451","BCEFF"
"452","BCH"
"453","BCHEY"
"454","BCI"
"455","BCKIF"
"456","BCKIY"
"457","BCKMF"
"458","BCLYF"
"459","BCMKF"
"460","BCMXY"
"461","BCNAY"
"462","BCO"
"463","BCPC"
"464","BCSF"
"465","BCSO"
"466","BCX"
"467","BDC"
"468","BDCS"
"469","BDCZ"
"470","BDJ"
"471","BDL"
"472","BDN"
"473","BDORY"
"474","BDOUY"
"475","BDRXF"
"476","BDULF"
"477","BDUUF"
"478","BDUUY"
"479","BDVSY"
"480","BEBE"
"481","BECEF"
"482","BEDU"
"483","BEIJF"
"484","BEKAY"
"485","BELFA"
"486","BEOB"
"487","BEP"
"488","BEPTF"
"489","BESIY"
"490","BEVFF"
"491","BF-A"
"492","BF-B"
"493","BFC"
"494","BFCC"
"495","BFFAF"
"496","BFIN"
"497","BFIT"
"498","BFK"
"499","BFLBY"
"500","BFS"
"501","BFST"
"502","BFY"
"503","BFZ"
"504","BG"
"505","BGAIF"
"506","BGAOF"
"507","BGEPF"
"508","BGFV"
"509","BGH"
"510","BGIO"
"511","BGS"
"512","BGSF"
"513","BGSWF"
"514","BGT"
"515","BHB"
"516","BHDB"
"517","BHE"
"518","BHFAL"
"519","BHFAP"
"520","BHK"
"521","BHKLY"
"522","BHP"
"523","BHPBF"
"524","BHPLF"
"525","BHR"
"526","BHRB"
"527","BHWB"
"528","BIBL"
"529","BICEY"
"530","BICK"
"531","BIF"
"532","BIL"
"533","BINFF"
"534","BIOGY"
"535","BIOQ"
"536","BIP"
"537","BIPC"
"538","BIREF"
"539","BIS"
"540","BIV"
"541","BIZD"
"542","BJAN"
"543","BJCHF"
"544","BJINF"
"545","BJRI"
"546","BJSAF"
"547","BK"
"548","BKAHF"
"549","BKEAF"
"550","BKEAY"
"551","BKEP"
"552","BKF"
"553","BKFCF"
"554","BKFKF"
"555","BKH"
"556","BKHY"
"557","BKHYY"
"558","BKIE"
"559","BKIMF"
"560","BKISF"
"561","BKK"
"562","BKKLY"
"563","BKKVF"
"564","BKLC"
"565","BKLN"
"566","BKN"
"567","BKNIY"
"568","BKOR"
"569","BKQNY"
"570","BKR"
"571","BKRIF"
"572","BKRKY"
"573","BKSB"
"574","BKSC"
"575","BKSE"
"576","BKT"
"577","BKTI"
"578","BLCN"
"579","BLHEY"
"580","BLHY"
"581","BLJZY"
"582","BLL"
"583","BLMIF"
"584","BLUBF"
"585","BLUNY"
"586","BLWYY"
"587","BLX"
"588","BMBN"
"589","BMBRF"
"590","BMBYF"
"591","BMCBF"
"592","BMCLF"
"593","BMI"
"594","BMLP"
"595","BMO"
"596","BMTC"
"597","BMXMF"
"598","BMY"
"599","BNCDY"
"600","BNDC"
"601","BNDSF"
"602","BNDSY"
"603","BNDW"
"604","BNDX"
"605","BNTGF"
"606","BNY"
"607","BOALY"
"608","BOCH"
"609","BOE"
"610","BOIRF"
"611","BOIVF"
"612","BOKF"
"613","BOKFL"
"614","BOMXF"
"615","BOND"
"616","BONL"
"617","BORT"
"618","BOSS"
"619","BOTRF"
"620","BOTZ"
"621","BOUYY"
"622","BP"
"623","BPFH"
"624","BPHLF"
"625","BPHLY"
"626","BPMP"
"627","BPOP"
"628","BPOPN"
"629","BPOSY"
"630","BPPUF"
"631","BPT"
"632","BPYPN"
"633","BPYPO"
"634","BPYPP"
"635","BPYU"
"636","BPYUP"
"637","BPZZF"
"638","BQH"
"639","BRBS"
"640","BRC"
"641","BRDCF"
"642","BRENF"
"643","BREUF"
"644","BRG"
"645","BRKL"
"646","BRKR"
"647","BRLAF"
"648","BRLXF"
"649","BRMK"
"650","BRMSY"
"651","BRO"
"652","BROXF"
"653","BRTZF"
"654","BRY"
"655","BRZU"
"656","BSA"
"657","BSBE"
"658","BSCL"
"659","BSCM"
"660","BSCO"
"661","BSCP"
"662","BSCQ"
"663","BSCT"
"664","BSD"
"665","BSE"
"666","BSEAF"
"667","BSEP"
"668","BSET"
"669","BSIG"
"670","BSJK"
"671","BSJL"
"672","BSJM"
"673","BSJN"
"674","BSJO"
"675","BSJP"
"676","BSJR"
"677","BSML"
"678","BSMM"
"679","BSMP"
"680","BSMT"
"681","BSMX"
"682","BSPA"
"683","BSRTF"
"684","BST"
"685","BSV"
"686","BSVN"
"687","BTA"
"688","BTAFF"
"689","BTDPF"
"690","BTGOF"
"691","BTLCY"
"692","BTO"
"693","BTSDF"
"694","BTSGY"
"695","BTT"
"696","BTU"
"697","BTVCF"
"698","BTZ"
"699","BUD"
"700","BUG"
"701","BUGDF"
"702","BUHPF"
"703","BUL"
"704","BURBY"
"705","BURCA"
"706","BURCP"
"707","BUY"
"708","BVILF"
"709","BVILY"
"710","BVN"
"711","BVNRY"
"712","BWA"
"713","BWG"
"714","BWLLF"
"715","BWLLY"
"716","BWMTF"
"717","BWMX"
"718","BWX"
"719","BWXT"
"720","BWZ"
"721","BX"
"722","BXBLY"
"723","BXDIF"
"724","BXG"
"725","BXP"
"726","BXS"
"727","BYCBF"
"728","BYDDY"
"729","BYDGF"
"730","BYDIF"
"731","BYLB"
"732","BYLOF"
"733","BYM"
"734","BZLFF"
"735","BZLFY"
"736","BZM"
"737","BZZUY"
"738","C"
"739","CABO"
"740","CAC"
"741","CACG"
"742","CADE"
"743","CADNF"
"744","CAF"
"745","CAG"
"746","CAH"
"747","CAHPF"
"748","CAIXY"
"749","CAJ"
"750","CAJFF"
"751","CAKE"
"752","CAKFY"
"753","CAL"
"754","CALF"
"755","CAMT"
"756","CAOVY"
"757","CAOX"
"758","CAPL"
"759","CAPMF"
"760","CARCY"
"761","CARE"
"762","CARR"
"763","CARZ"
"764","CASH"
"765","CASS"
"766","CASY"
"767","CAT"
"768","CATH"
"769","CATO"
"770","CBAF"
"771","CBAOF"
"772","CBAUF"
"773","CBCFF"
"774","CBCYB"
"775","CBCZ"
"776","CBD"
"777","CBFC"
"778","CBGPY"
"779","CBH"
"780","CBHC"
"781","CBKLP"
"782","CBKPP"
"783","CBLNY"
"784","CBLUF"
"785","CBLUY"
"786","CBON"
"787","CBSHP"
"788","CBTX"
"789","CBU"
"790","CBWBF"
"791","CBYDF"
"792","CC"
"793","CCAP"
"794","CCBG"
"795","CCCGF"
"796","CCCGY"
"797","CCD"
"798","CCDBF"
"799","CCF"
"800","CCFC"
"801","CCGDF"
"802","CCHGY"
"803","CCI"
"804","CCIXF"
"805","CCJ"
"806","CCL"
"807","CCLAY"
"808","CCLP"
"809","CCMP"
"810","CCNE"
"811","CCOEF"
"812","CCOEY"
"813","CCOHF"
"814","CCOHY"
"815","CCOI"
"816","CCOJF"
"817","CCOJY"
"818","CCORF"
"819","CCOZF"
"820","CCR"
"821","CCYY"
"822","CCZ"
"823","CDCTF"
"824","CDEVF"
"825","CDGXF"
"826","CDGXY"
"827","CDL"
"828","CDMOP"
"829","CDNAF"
"830","CDNTF"
"831","CDOR"
"832","CDPYF"
"833","CE"
"834","CEA"
"835","CEBCF"
"836","CEE"
"837","CEFC"
"838","CEFD"
"839","CEFS"
"840","CELP"
"841","CELTF"
"842","CEOHF"
"843","CEQP"
"844","CEQP-P"
"845","CERN"
"846","CESDF"
"847","CESTF"
"848","CET"
"849","CEV"
"850","CF"
"851","CFA"
"852","CFG"
"853","CFIGY"
"854","CFNB"
"855","CFO"
"856","CFPUF"
"857","CFR"
"858","CFXA"
"859","CG"
"860","CGAAY"
"861","CGBD"
"862","CGEAF"
"863","CGECF"
"864","CGFEF"
"865","CGGGF"
"866","CGHLY"
"867","CGKEY"
"868","CGMBF"
"869","CGNX"
"870","CGRIF"
"871","CGW"
"872","CHA"
"873","CHAD"
"874","CHAU"
"875","CHBAF"
"876","CHCJY"
"877","CHD"
"878","CHDRF"
"879","CHDRY"
"880","CHE"
"881","CHFFY"
"882","CHGCY"
"883","CHGX"
"884","CHIC"
"885","CHIE"
"886","CHIH"
"887","CHII"
"888","CHIK"
"889","CHIL"
"890","CHIM"
"891","CHIR"
"892","CHIS"
"893","CHIU"
"894","CHIX"
"895","CHJHF"
"896","CHKR"
"897","CHL"
"898","CHN"
"899","CHNA"
"900","CHNGU"
"901","CHOLF"
"902","CHPFF"
"903","CHPXF"
"904","CHPXY"
"905","CHRW"
"906","CHS"
"907","CHSCL"
"908","CHSCM"
"909","CHSCN"
"910","CHSCO"
"911","CHSTY"
"912","CHT"
"913","CHU"
"914","CHVKF"
"915","CHVKY"
"916","CHW"
"917","CHWWF"
"918","CHY"
"919","CHYFF"
"920","CI"
"921","CIADY"
"922","CIB"
"923","CIBEY"
"924","CICHF"
"925","CIFAF"
"926","CIG"
"927","CIG-C"
"928","CIHHF"
"929","CIHPF"
"930","CII"
"931","CIIHF"
"932","CIIHY"
"933","CIL"
"934","CILJF"
"935","CIM"
"936","CIMXP"
"937","CINF"
"938","CINR"
"939","CIO"
"940","CIOXF"
"941","CIT"
"942","CIVB"
"943","CIWV"
"944","CIZ"
"945","CJEWF"
"946","CJEWY"
"947","CJREF"
"948","CKHUF"
"949","CKHUY"
"950","CKISY"
"951","CKNQP"
"952","CKOCF"
"953","CL"
"954","CLAYF"
"955","CLB"
"956","CLCGY"
"957","CLCT"
"958","CLDB"
"959","CLDT"
"960","CLF"
"961","CLFMF"
"962","CLHSF"
"963","CLI"
"964","CLIUF"
"965","CLKXF"
"966","CLLDF"
"967","CLLDY"
"968","CLLFF"
"969","CLM"
"970","CLNC"
"971","CLNFF"
"972","CLNY"
"973","CLOU"
"974","CLPBY"
"975","CLPHY"
"976","CLPLF"
"977","CLPXF"
"978","CLR"
"979","CLSPF"
"980","CLWT"
"981","CLWY"
"982","CLX"
"983","CLYLF"
"984","CLZNF"
"985","CM"
"986","CMAKY"
"987","CMBS"
"988","CMCL"
"989","CMCLF"
"990","CMCM"
"991","CMCO"
"992","CMCSA"
"993","CMCT"
"994","CMD"
"995","CMDXF"
"996","CMDY"
"997","CMEIF"
"998","CMF"
"999","CMLEF"
"1000","CMOXF"
"1001","CMPGY"
"1002","CMPRF"
"1003","CMSD"
"1004","CMSQY"
"1005","CMSYF"
"1006","CMTOY"
"1007","CMTV"
"1008","CMUV"
"1009","CMWAY"
"1010","CMYYY"
"1011","CNBB"
"1012","CNBKA"
"1013","CNBL"
"1014","CNBS"
"1015","CNBW"
"1016","CNFRL"
"1017","CNHI"
"1018","CNI"
"1019","CNIG"
"1020","CNK"
"1021","CNLHN"
"1022","CNLHP"
"1023","CNLPM"
"1024","CNLTL"
"1025","CNND"
"1026","CNNWF"
"1027","CNO"
"1028","CNOB"
"1029","CNP"
"1030","CNPAY"
"1031","CNPWM"
"1032","CNPWP"
"1033","CNQ"
"1034","CNRAF"
"1035","CNS"
"1036","CNSWF"
"1037","CNTHN"
"1038","CNVVY"
"1039","CNXM"
"1040","CNYA"
"1041","COCSF"
"1042","CODGF"
"1043","CODI"
"1044","COF"
"1045","COFS"
"1046","COGNY"
"1047","COHU"
"1048","COIHF"
"1049","COLB"
"1050","COLD"
"1051","COM"
"1052","COMB"
"1053","COMT"
"1054","CONE"
"1055","COO"
"1056","COP"
"1057","COPX"
"1058","COR"
"1059","CORE"
"1060","CORP"
"1061","CORR"
"1062","COST"
"1063","COTY"
"1064","COWN"
"1065","COWNZ"
"1066","COWZ"
"1067","COYJF"
"1068","CP"
"1069","CPA"
"1070","CPAC"
"1071","CPAMF"
"1072","CPB"
"1073","CPBLF"
"1074","CPG"
"1075","CPI"
"1076","CPITF"
"1077","CPK"
"1078","CPKF"
"1079","CPKPF"
"1080","CPKPY"
"1081","CPLG"
"1082","CPLP"
"1083","CPROF"
"1084","CPSI"
"1085","CPTA"
"1086","CPTAG"
"1087","CPTAL"
"1088","CPTP"
"1089","CPWPF"
"1090","CPXGF"
"1091","CQP"
"1092","CQQQ"
"1093","CR"
"1094","CRBBF"
"1095","CRBJF"
"1096","CRBN"
"1097","CRCCY"
"1098","CRD-B"
"1099","CRERF"
"1100","CRF"
"1101","CRHCF"
"1102","CRI"
"1103","CRLFF"
"1104","CRMZ"
"1105","CROMF"
"1106","CROP"
"1107","CRPJF"
"1108","CRPJY"
"1109","CRRFY"
"1110","CRRRF"
"1111","CRS"
"1112","CRWS"
"1113","CRYCY"
"1114","CRYYF"
"1115","CRZY"
"1116","CS"
"1117","CSB"
"1118","CSBB"
"1119","CSD"
"1120","CSDXF"
"1121","CSEAF"
"1122","CSF"
"1123","CSGKF"
"1124","CSGS"
"1125","CSHX"
"1126","CSIOY"
"1127","CSKL"
"1128","CSLLY"
"1129","CSM"
"1130","CSNVY"
"1131","CSPCY"
"1132","CSPKF"
"1133","CSQPF"
"1134","CSTE"
"1135","CSUAY"
"1136","CSV"
"1137","CSWC"
"1138","CSWI"
"1139","CSX"
"1140","CSYJF"
"1141","CSYJY"
"1142","CTAS"
"1143","CTB"
"1144","CTBB"
"1145","CTGSP"
"1146","CTIHY"
"1147","CTL"
"1148","CTPCF"
"1149","CTPCY"
"1150","CTPPO"
"1151","CTR"
"1152","CTRGF"
"1153","CTRN"
"1154","CTRYF"
"1155","CTSH"
"1156","CTT"
"1157","CTTAF"
"1158","CTUY"
"1159","CTV"
"1160","CTVA"
"1161","CTVIF"
"1162","CTXAF"
"1163","CTXS"
"1164","CTZ"
"1165","CUAEF"
"1166","CUB"
"1167","CUGCY"
"1168","CUK"
"1169","CUKPF"
"1170","CULP"
"1171","CUPUF"
"1172","CURE"
"1173","CUTLF"
"1174","CUUHF"
"1175","CUYTF"
"1176","CUYTY"
"1177","CUZ"
"1178","CVBF"
"1179","CVE"
"1180","CVGW"
"1181","CVLY"
"1182","CVPBF"
"1183","CVPUF"
"1184","CVX"
"1185","CVY"
"1186","CW"
"1187","CWB"
"1188","CWBC"
"1189","CWCO"
"1190","CWEN"
"1191","CWH"
"1192","CWI"
"1193","CWLPF"
"1194","CWPS"
"1195","CWPWF"
"1196","CWQXF"
"1197","CWS"
"1198","CWVLF"
"1199","CWXZF"
"1200","CWYCF"
"1201","CWYCY"
"1202","CWYUF"
"1203","CX"
"1204","CXH"
"1205","CXMSF"
"1206","CXP"
"1207","CXW"
"1208","CYB"
"1209","CYCCP"
"1210","CYD"
"1211","CYFL"
"1212","CYGIY"
"1213","CYRBY"
"1214","CYRLY"
"1215","CYSM"
"1216","CYVF"
"1217","CZA"
"1218","CZBC"
"1219","CZBS"
"1220","CZFS"
"1221","CZMWY"
"1222","CZNC"
"1223","CZZ"
"1224","D"
"1225","DACHF"
"1226","DAKT"
"1227","DAL"
"1228","DALI"
"1229","DAN"
"1230","DANOY"
"1231","DASTF"
"1232","DASTY"
"1233","DAWIF"
"1234","DAX"
"1235","DBA"
"1236","DBE"
"1237","DBEU"
"1238","DBJP"
"1239","DBMF"
"1240","DBMG"
"1241","DBO"
"1242","DBS"
"1243","DBSDF"
"1244","DBSDY"
"1245","DBV"
"1246","DCCPY"
"1247","DCHIF"
"1248","DCHIY"
"1249","DCI"
"1250","DCOHF"
"1251","DCOMP"
"1252","DCP"
"1253","DD"
"1254","DDF"
"1255","DDG"
"1256","DDIV"
"1257","DDS"
"1258","DDT"
"1259","DDWM"
"1260","DE"
"1261","DEA"
"1262","DEED"
"1263","DEEF"
"1264","DEEP"
"1265","DEF"
"1266","DEI"
"1267","DEIPY"
"1268","DEITF"
"1269","DELTY"
"1270","DEM"
"1271","DEO"
"1272","DES"
"1273","DETNF"
"1274","DEUS"
"1275","DEVOY"
"1276","DEW"
"1277","DEX"
"1278","DFE"
"1279","DFILF"
"1280","DFJ"
"1281","DFKCY"
"1282","DFND"
"1283","DFNL"
"1284","DFORF"
"1285","DFP"
"1286","DFRYF"
"1287","DFS"
"1288","DGEAF"
"1289","DGICA"
"1290","DGICB"
"1291","DGL"
"1292","DGRE"
"1293","DGRO"
"1294","DGRS"
"1295","DGRW"
"1296","DGS"
"1297","DHC"
"1298","DHCNI"
"1299","DHI"
"1300","DHR"
"1301","DHT"
"1302","DIAL"
"1303","DIAX"
"1304","DIFTY"
"1305","DIG"
"1306","DIIBF"
"1307","DIISY"
"1308","DIM"
"1309","DIMC"
"1310","DIN"
"1311","DINT"
"1312","DIPGY"
"1313","DIS"
"1314","DIT"
"1315","DIV"
"1316","DIVB"
"1317","DIVO"
"1318","DIVY"
"1319","DJXXF"
"1320","DK"
"1321","DKL"
"1322","DKS"
"1323","DL"
"1324","DLB"
"1325","DLN"
"1326","DLPTF"
"1327","DLS"
"1328","DLY"
"1329","DMB"
"1330","DMCHY"
"1331","DMDV"
"1332","DMF"
"1333","DMFG"
"1334","DMKBA"
"1335","DMKBB"
"1336","DMLP"
"1337","DMLRY"
"1338","DMO"
"1339","DMRI"
"1340","DMRL"
"1341","DMRM"
"1342","DMRRP"
"1343","DMRS"
"1344","DMZPY"
"1345","DNACF"
"1346","DNBHF"
"1347","DNFGF"
"1348","DNFGY"
"1349","DNGDF"
"1350","DNHBY"
"1351","DNI"
"1352","DNIYY"
"1353","DNKN"
"1354","DNL"
"1355","DNLMY"
"1356","DNPCF"
"1357","DNPLY"
"1358","DNPUF"
"1359","DNSKF"
"1360","DNTUF"
"1361","DNTUY"
"1362","DNVB"
"1363","DNZOY"
"1364","DOC"
"1365","DOG"
"1366","DOGEF"
"1367","DON"
"1368","DOV"
"1369","DOW"
"1370","DPBSF"
"1371","DPG"
"1372","DPK"
"1373","DPMLF"
"1374","DPST"
"1375","DPUKY"
"1376","DPZ"
"1377","DPZUF"
"1378","DRDGF"
"1379","DRH"
"1380","DRI"
"1381","DRIV"
"1382","DRN"
"1383","DRTGF"
"1384","DRUA"
"1385","DRV"
"1386","DRW"
"1387","DSCSY"
"1388","DSDVY"
"1389","DSE"
"1390","DSECF"
"1391","DSEEY"
"1392","DSGUY"
"1393","DSI"
"1394","DSITF"
"1395","DSKYF"
"1396","DSL"
"1397","DSNKY"
"1398","DSTL"
"1399","DSTZF"
"1400","DSU"
"1401","DSWL"
"1402","DTCWY"
"1403","DTD"
"1404","DTE"
"1405","DTEGF"
"1406","DTEGY"
"1407","DTN"
"1408","DTNOF"
"1409","DTP"
"1410","DTRL"
"1411","DTW"
"1412","DUC"
"1413","DUERF"
"1414","DUK"
"1415","DUKB"
"1416","DUKH"
"1417","DUNIY"
"1418","DURA"
"1419","DUSA"
"1420","DUSL"
"1421","DVD"
"1422","DVDCF"
"1423","DVDCY"
"1424","DVLU"
"1425","DVN"
"1426","DVOL"
"1427","DVVDF"
"1428","DVY"
"1429","DVYA"
"1430","DWAHF"
"1431","DWAHY"
"1432","DWAS"
"1433","DWAT"
"1434","DWFI"
"1435","DWLD"
"1436","DWMF"
"1437","DWNX"
"1438","DWVYF"
"1439","DWX"
"1440","DXC"
"1441","DXD"
"1442","DXGE"
"1443","DXJ"
"1444","DYNE"
"1445","EAB"
"1446","EADSF"
"1447","EADSY"
"1448","EAF"
"1449","EAGG"
"1450","EAOK"
"1451","EAOM"
"1452","EAOR"
"1453","EARN"
"1454","EASG"
"1455","EBAY"
"1456","EBAYL"
"1457","EBBNF"
"1458","EBCOY"
"1459","EBF"
"1460","EBGEF"
"1461","EBIX"
"1462","EBIZ"
"1463","EBMT"
"1464","EBND"
"1465","EBRGF"
"1466","EBRPY"
"1467","EBSB"
"1468","EBSH"
"1469","EBTC"
"1470","ECC"
"1471","ECCB"
"1472","ECCX"
"1473","ECF"
"1474","ECH"
"1475","ECIFF"
"1476","ECL"
"1477","ECLN"
"1478","ECNCF"
"1479","ECOCF"
"1480","ECOW"
"1481","ECT"
"1482","ED"
"1483","EDC"
"1484","EDD"
"1485","EDEN"
"1486","EDESY"
"1487","EDF"
"1488","EDI"
"1489","EDIV"
"1490","EDNMF"
"1491","EDOG"
"1492","EDOW"
"1493","EDPFY"
"1494","EDRVF"
"1495","EDRWY"
"1496","EDV"
"1497","EDZ"
"1498","EE"
"1499","EEA"
"1500","EEB"
"1501","EELV"
"1502","EEM"
"1503","EEMA"
"1504","EEMD"
"1505","EEMO"
"1506","EEMS"
"1507","EEMV"
"1508","EENEF"
"1509","EES"
"1510","EEV"
"1511","EFAD"
"1512","EFAS"
"1513","EFAX"
"1514","EFC"
"1515","EFF"
"1516","EFG"
"1517","EFIN"
"1518","EFL"
"1519","EFO"
"1520","EFSG"
"1521","EFSI"
"1522","EFU"
"1523","EFV"
"1524","EFX"
"1525","EGBN"
"1526","EGHSF"
"1527","EGOV"
"1528","EGPT"
"1529","EHC"
"1530","EHI"
"1531","EIFZF"
"1532","EIG"
"1533","EIM"
"1534","EIPAF"
"1535","EIS"
"1536","EIX"
"1537","EJPRF"
"1538","EJPRY"
"1539","EJTTF"
"1540","EKAR"
"1541","EKTAF"
"1542","EKTAY"
"1543","EL"
"1544","ELAT"
"1545","ELCPF"
"1546","ELD"
"1547","ELEZF"
"1548","ELEZY"
"1549","ELFIF"
"1550","ELMA"
"1551","ELMTY"
"1552","ELP"
"1553","ELPVY"
"1554","ELU"
"1555","ELY"
"1556","EMB"
"1557","EMBD"
"1558","EMBVF"
"1559","EMD"
"1560","EMDV"
"1561","EME"
"1562","EMF"
"1563","EMFM"
"1564","EMHY"
"1565","EMIF"
"1566","EML"
"1567","EMLAF"
"1568","EMN"
"1569","EMNSF"
"1570","EMNT"
"1571","EMO"
"1572","EMQQ"
"1573","EMR"
"1574","EMRAF"
"1575","EMSG"
"1576","EMSHF"
"1577","EMTL"
"1578","ENB"
"1579","ENBFF"
"1580","ENBP"
"1581","ENDTF"
"1582","ENFR"
"1583","ENGGF"
"1584","ENGGY"
"1585","ENLC"
"1586","ENOR"
"1587","ENR"
"1588","ENRFF"
"1589","ENS"
"1590","ENTOF"
"1591","ENZL"
"1592","EOCCY"
"1593","EOD"
"1594","EOI"
"1595","EOS"
"1596","EOT"
"1597","EPAC"
"1598","EPD"
"1599","EPGNY"
"1600","EPM"
"1601","EPOKY"
"1602","EPOL"
"1603","EPR"
"1604","EPRF"
"1605","EPU"
"1606","EPV"
"1607","EPWDF"
"1608","EQAL"
"1609","EQC"
"1610","EQH"
"1611","EQL"
"1612","EQNR"
"1613","EQR"
"1614","EQRR"
"1615","EQT"
"1616","EQUEY"
"1617","EQWL"
"1618","ERC"
"1619","ERELY"
"1620","ERH"
"1621","ERIC"
"1622","ERSX"
"1623","ERUS"
"1624","ERX"
"1625","ES"
"1626","ESALF"
"1627","ESALY"
"1628","ESBK"
"1629","ESCA"
"1630","ESCR"
"1631","ESE"
"1632","ESEB"
"1633","ESGD"
"1634","ESGG"
"1635","ESGRO"
"1636","ESGRP"
"1637","ESGV"
"1638","ESHY"
"1639","ESML"
"1640","ESNT"
"1641","ESOA"
"1642","ESOCF"
"1643","ESP"
"1644","ESPO"
"1645","ESRT"
"1646","ESS"
"1647","ESVIF"
"1648","ESXB"
"1649","ETB"
"1650","ETFC"
"1651","ETG"
"1652","ETHO"
"1653","ETI-P"
"1654","ETJ"
"1655","ETM"
"1656","ETN"
"1657","ETO"
"1658","ETR"
"1659","ETRN"
"1660","ETW"
"1661","ETX"
"1662","ETY"
"1663","EUFN"
"1664","EUM"
"1665","EURL"
"1666","EURN"
"1667","EURZ"
"1668","EUSA"
"1669","EUSC"
"1670","EUXTF"
"1671","EV"
"1672","EVA"
"1673","EVBN"
"1674","EVC"
"1675","EVF"
"1676","EVG"
"1677","EVN"
"1678","EVNVY"
"1679","EVR"
"1680","EVRZF"
"1681","EVSBY"
"1682","EVTC"
"1683","EVV"
"1684","EWA"
"1685","EWC"
"1686","EWCO"
"1687","EWGS"
"1688","EWI"
"1689","EWJV"
"1690","EWK"
"1691","EWMC"
"1692","EWN"
"1693","EWO"
"1694","EWP"
"1695","EWQ"
"1696","EWT"
"1697","EWUS"
"1698","EWW"
"1699","EWX"
"1700","EWY"
"1701","EWZ"
"1702","EWZS"
"1703","EXC"
"1704","EXCH"
"1705","EXCOF"
"1706","EXETF"
"1707","EXG"
"1708","EXI"
"1709","EXP"
"1710","EXPE"
"1711","EXPGF"
"1712","EXPGY"
"1713","EXPO"
"1714","EXSR"
"1715","EXXAY"
"1716","EXXRF"
"1717","EZA"
"1718","EZJ"
"1719","EZM"
"1720","EZT"
"1721","EZU"
"1722","F"
"1723","FAAR"
"1724","FAB"
"1725","FAD"
"1726","FAF"
"1727","FANDY"
"1728","FANG"
"1729","FANUF"
"1730","FAPPF"
"1731","FAS"
"1732","FAST"
"1733","FAUS"
"1734","FAX"
"1735","FAXRF"
"1736","FBAK"
"1737","FBCV"
"1738","FBIOP"
"1739","FBIP"
"1740","FBIZ"
"1741","FBK"
"1742","FBNC"
"1743","FBND"
"1744","FBOHY"
"1745","FBPI"
"1746","FBPRM"
"1747","FBPRN"
"1748","FBSFF"
"1749","FBSI"
"1750","FBSS"
"1751","FBVA"
"1752","FBVI"
"1753","FBZ"
"1754","FCAL"
"1755","FCAP"
"1756","FCAU"
"1757","FCBC"
"1758","FCCT"
"1759","FCCTO"
"1760","FCCY"
"1761","FCFS"
"1762","FCG"
"1763","FCIT"
"1764","FCNCA"
"1765","FCNE"
"1766","FCO"
"1767","FCOM"
"1768","FCOR"
"1769","FCPI"
"1770","FCREY"
"1771","FCTR"
"1772","FCVT"
"1773","FDBC"
"1774","FDD"
"1775","FDEU"
"1776","FDEV"
"1777","FDIS"
"1778","FDIV"
"1779","FDLB"
"1780","FDLO"
"1781","FDMO"
"1782","FDNI"
"1783","FDRR"
"1784","FDRVF"
"1785","FDS"
"1786","FDT"
"1787","FDTS"
"1788","FDUS"
"1789","FDUSG"
"1790","FDUSZ"
"1791","FDVV"
"1792","FECCF"
"1793","FEDU"
"1794","FEI"
"1795","FELTF"
"1796","FELTY"
"1797","FEM"
"1798","FEMB"
"1799","FEMS"
"1800","FEN"
"1801","FENG"
"1802","FEO"
"1803","FERGY"
"1804","FESNF"
"1805","FEUZ"
"1806","FEX"
"1807","FEZ"
"1808","FF"
"1809","FFA"
"1810","FFC"
"1811","FFDF"
"1812","FFIC"
"1813","FFIN"
"1814","FFIU"
"1815","FFMR"
"1816","FFNW"
"1817","FFR"
"1818","FFSG"
"1819","FFTG"
"1820","FFWM"
"1821","FGB"
"1822","FGD"
"1823","FGFH"
"1824","FGM"
"1825","FHB"
"1826","FHBI"
"1827","FHI"
"1828","FHK"
"1829","FHLC"
"1830","FHNIY"
"1831","FIBH"
"1832","FIBR"
"1833","FID"
"1834","FIDI"
"1835","FIDS"
"1836","FIDU"
"1837","FIGR"
"1838","FIISO"
"1839","FILL"
"1840","FINGF"
"1841","FINMF"
"1842","FINMY"
"1843","FINN"
"1844","FINS"
"1845","FINV"
"1846","FISK"
"1847","FITBI"
"1848","FITBO"
"1849","FITBP"
"1850","FITE"
"1851","FIVA"
"1852","FIVG"
"1853","FIX"
"1854","FIXD"
"1855","FIZN"
"1856","FJNK"
"1857","FKRAF"
"1858","FLAU"
"1859","FLAX"
"1860","FLBL"
"1861","FLCB"
"1862","FLCH"
"1863","FLDR"
"1864","FLEW"
"1865","FLGB"
"1866","FLHK"
"1867","FLHY"
"1868","FLIA"
"1869","FLIDY"
"1870","FLIY"
"1871","FLJP"
"1872","FLLA"
"1873","FLLV"
"1874","FLM"
"1875","FLMB"
"1876","FLMI"
"1877","FLMN"
"1878","FLMX"
"1879","FLN"
"1880","FLNG"
"1881","FLO"
"1882","FLOT"
"1883","FLQE"
"1884","FLQH"
"1885","FLQL"
"1886","FLQM"
"1887","FLQS"
"1888","FLR"
"1889","FLRAF"
"1890","FLRU"
"1891","FLSA"
"1892","FLSW"
"1893","FLTB"
"1894","FLTDF"
"1895","FLTR"
"1896","FLTW"
"1897","FLV"
"1898","FLZA"
"1899","FM"
"1900","FMB"
"1901","FMBI"
"1902","FMBM"
"1903","FMBRY"
"1904","FMC"
"1905","FMF"
"1906","FMFG"
"1907","FMIA"
"1908","FMK"
"1909","FMMFF"
"1910","FMN"
"1911","FMNB"
"1912","FMO"
"1913","FMOCF"
"1914","FMOO"
"1915","FMX"
"1916","FNB"
"1917","FNCB"
"1918","FNDA"
"1919","FNDB"
"1920","FNDE"
"1921","FNEVF"
"1922","FNF"
"1923","FNFPA"
"1924","FNHC"
"1925","FNI"
"1926","FNK"
"1927","FNLC"
"1928","FNLIF"
"1929","FNLPF"
"1930","FNV"
"1931","FNWB"
"1932","FNX"
"1933","FOCIF"
"1934","FOF"
"1935","FOJCY"
"1936","FORFF"
"1937","FOSUF"
"1938","FOVSY"
"1939","FOX"
"1940","FOXA"
"1941","FPA"
"1942","FPAFF"
"1943","FPCG"
"1944","FPEI"
"1945","FPF"
"1946","FPI"
"1947","FPL"
"1948","FPLPY"
"1949","FPXE"
"1950","FPXI"
"1951","FQAL"
"1952","FQVLF"
"1953","FQVTF"
"1954","FRA"
"1955","FRAK"
"1956","FRBA"
"1957","FRC"
"1958","FRCGF"
"1959","FRCOY"
"1960","FRD"
"1961","FRDM"
"1962","FREL"
"1963","FREVS"
"1964","FRFC"
"1965","FRFGF"
"1966","FRFHF"
"1967","FRG"
"1968","FRHLF"
"1969","FRI"
"1970","FRME"
"1971","FRO"
"1972","FRRVF"
"1973","FRSHY"
"1974","FRTAF"
"1975","FRTCF"
"1976","FSBW"
"1977","FSD"
"1978","FSDK"
"1979","FSGCY"
"1980","FSI"
"1981","FSK"
"1982","FSLF"
"1983","FSMB"
"1984","FSMD"
"1985","FSP"
"1986","FSPKY"
"1987","FSRPF"
"1988","FSTA"
"1989","FSUGY"
"1990","FSV"
"1991","FSZ"
"1992","FTA"
"1993","FTAG"
"1994","FTAI"
"1995","FTC"
"1996","FTCS"
"1997","FTEC"
"1998","FTGC"
"1999","FTHI"
"2000","FTLB"
"2001","FTLS"
"2002","FTRI"
"2003","FTS"
"2004","FTSL"
"2005","FTSM"
"2006","FTTRF"
"2007","FTV"
"2008","FTXD"
"2009","FTXG"
"2010","FTXH"
"2011","FTXN"
"2012","FTXR"
"2013","FUIZF"
"2014","FUJHY"
"2015","FUJIF"
"2016","FUL"
"2017","FULT"
"2018","FUNC"
"2019","FUND"
"2020","FUPBY"
"2021","FVC"
"2022","FVL"
"2023","FWDB"
"2024","FXC"
"2025","FXG"
"2026","FXI"
"2027","FXL"
"2028","FXLG"
"2029","FXNC"
"2030","FXO"
"2031","FXP"
"2032","FXR"
"2033","FXU"
"2034","FXWZF"
"2035","FXZ"
"2036","FYLD"
"2037","FYRTY"
"2038","FYT"
"2039","FYX"
"2040","G"
"2041","GABK"
"2042","GAIN"
"2043","GAINL"
"2044","GAM"
"2045","GAMR"
"2046","GARS"
"2047","GASL"
"2048","GASNY"
"2049","GATX"
"2050","GBAB"
"2051","GBDC"
"2052","GBDV"
"2053","GBERF"
"2054","GBERY"
"2055","GBF"
"2056","GBL"
"2057","GBLI"
"2058","GBUY"
"2059","GBX"
"2060","GCAP"
"2061","GCBC"
"2062","GCCO"
"2063","GCE"
"2064","GCHOY"
"2065","GCI"
"2066","GCV"
"2067","GDAT"
"2068","GDL"
"2069","GDNA"
"2070","GDNEF"
"2071","GDVD"
"2072","GDVTZ"
"2073","GDX"
"2074","GEAGF"
"2075","GEAGY"
"2076","GEAHF"
"2077","GEBHF"
"2078","GECC"
"2079","GECCN"
"2080","GECFF"
"2081","GEF"
"2082","GEF-B"
"2083","GEGYY"
"2084","GEL"
"2085","GELYF"
"2086","GELYY"
"2087","GENSF"
"2088","GENY"
"2089","GER"
"2090","GES"
"2091","GF"
"2092","GFASY"
"2093","GFF"
"2094","GFI"
"2095","GFIN"
"2096","GFL"
"2097","GFLU"
"2098","GFSZY"
"2099","GFY"
"2100","GGDVF"
"2101","GGDVY"
"2102","GGG"
"2103","GGM"
"2104","GGN"
"2105","GGRGF"
"2106","GGZ"
"2107","GHC"
"2108","GHG"
"2109","GIFLF"
"2110","GIFOF"
"2111","GIGB"
"2112","GIGNF"
"2113","GIGNY"
"2114","GII"
"2115","GIL"
"2116","GILD"
"2117","GIM"
"2118","GIS"
"2119","GIVSY"
"2120","GJH"
"2121","GJNSY"
"2122","GJO"
"2123","GJR"
"2124","GJS"
"2125","GJT"
"2126","GL"
"2127","GLADL"
"2128","GLAPY"
"2129","GLAXF"
"2130","GLBZ"
"2131","GLCNF"
"2132","GLDI"
"2133","GLIN"
"2134","GLNCY"
"2135","GLOG"
"2136","GLPEF"
"2137","GLPEY"
"2138","GLPI"
"2139","GLQ"
"2140","GLU"
"2141","GLVMF"
"2142","GLW"
"2143","GLYYY"
"2144","GM"
"2145","GMALY"
"2146","GMBXF"
"2147","GMF"
"2148","GMICF"
"2149","GMOM"
"2150","GMPXF"
"2151","GMRE"
"2152","GMVHF"
"2153","GMWKF"
"2154","GNCGY"
"2155","GNE"
"2156","GNENF"
"2157","GNGBF"
"2158","GNGBY"
"2159","GNGYF"
"2160","GNHAF"
"2161","GNK"
"2162","GNL"
"2163","GNMA"
"2164","GNR"
"2165","GNT"
"2166","GNTX"
"2167","GOAT"
"2168","GOAU"
"2169","GOEX"
"2170","GOF"
"2171","GOFPY"
"2172","GOGL"
"2173","GOLD"
"2174","GOLF"
"2175","GOOD"
"2176","GOODM"
"2177","GOODN"
"2178","GORO"
"2179","GOVB"
"2180","GOVT"
"2181","GPAGF"
"2182","GPDNF"
"2183","GPI"
"2184","GPJA"
"2185","GPM"
"2186","GPMT"
"2187","GPOVY"
"2188","GPP"
"2189","GPRK"
"2190","GPTGF"
"2191","GRA"
"2192","GRBMF"
"2193","GRC"
"2194","GREK"
"2195","GREZF"
"2196","GRF"
"2197","GRFS"
"2198","GRGSF"
"2199","GRKZF"
"2200","GROW"
"2201","GRPBF"
"2202","GRRB"
"2203","GRRBP"
"2204","GRX"
"2205","GS"
"2206","GSBC"
"2207","GSBD"
"2208","GSEU"
"2209","GSEW"
"2210","GSK"
"2211","GSY"
"2212","GT"
"2213","GTIP"
"2214","GTMEF"
"2215","GTPS"
"2216","GUDDY"
"2217","GULRF"
"2218","GULRY"
"2219","GUNR"
"2220","GUORY"
"2221","GUSH"
"2222","GUT"
"2223","GVA"
"2224","GVDBF"
"2225","GVI"
"2226","GVIP"
"2227","GWAXY"
"2228","GWB"
"2229","GWLIF"
"2230","GWLLF"
"2231","GWLLY"
"2232","GWW"
"2233","GWX"
"2234","GXC"
"2235","GXG"
"2236","GXYYY"
"2237","GYC"
"2238","GYLD"
"2239","GZPFY"
"2240","GZTGF"
"2241","GZUHF"
"2242","H"
"2243","HA"
"2244","HACBY"
"2245","HACK"
"2246","HAIL"
"2247","HALFF"
"2248","HAP"
"2249","HARL"
"2250","HASI"
"2251","HAUD"
"2252","HAUZ"
"2253","HAWEL"
"2254","HAWEM"
"2255","HAWEN"
"2256","HAWLI"
"2257","HAWLL"
"2258","HAWLM"
"2259","HAWLN"
"2260","HAWPF"
"2261","HAWX"
"2262","HAYN"
"2263","HBANO"
"2264","HBB"
"2265","HBCP"
"2266","HBCYF"
"2267","HBI"
"2268","HBM"
"2269","HBSI"
"2270","HBT"
"2271","HCAP"
"2272","HCBC"
"2273","HCBN"
"2274","HCFT"
"2275","HCHC"
"2276","HCHMY"
"2277","HCI"
"2278","HCKT"
"2279","HCMLF"
"2280","HCMLY"
"2281","HCRB"
"2282","HCXLF"
"2283","HCXY"
"2284","HCXZ"
"2285","HDAW"
"2286","HDEF"
"2287","HDG"
"2288","HDGE"
"2289","HDIUF"
"2290","HDIV"
"2291","HDMV"
"2292","HDV"
"2293","HDVTY"
"2294","HE"
"2295","HEEM"
"2296","HEES"
"2297","HEGIF"
"2298","HEI-A"
"2299","HEINY"
"2300","HENGF"
"2301","HENGY"
"2302","HENKY"
"2303","HENOY"
"2304","HEP"
"2305","HEQ"
"2306","HES"
"2307","HESAF"
"2308","HESAY"
"2309","HESM"
"2310","HEWG"
"2311","HEWI"
"2312","HEWJ"
"2313","HEWL"
"2314","HEWU"
"2315","HFBA"
"2316","HFBK"
"2317","HFXI"
"2318","HFXJ"
"2319","HGH"
"2320","HGHGF"
"2321","HGKGY"
"2322","HGLB"
"2323","HGRVF"
"2324","HHR"
"2325","HI"
"2326","HIBS"
"2327","HIE"
"2328","HIG"
"2329","HIHO"
"2330","HIPS"
"2331","HISJF"
"2332","HIX"
"2333","HJPX"
"2334","HKGEF"
"2335","HKHGF"
"2336","HKHHY"
"2337","HKMPF"
"2338","HKMPY"
"2339","HKSHY"
"2340","HKTTF"
"2341","HKUOY"
"2342","HKVTY"
"2343","HKXCF"
"2344","HKXCY"
"2345","HLAL"
"2346","HLAN"
"2347","HLBZF"
"2348","HLDCY"
"2349","HLDVF"
"2350","HLFDF"
"2351","HLFDY"
"2352","HLFN"
"2353","HLIO"
"2354","HLKHF"
"2355","HLLGY"
"2356","HLMAF"
"2357","HLPPY"
"2358","HLRD"
"2359","HLT"
"2360","HLTRF"
"2361","HLUKF"
"2362","HMC"
"2363","HMDPF"
"2364","HMG"
"2365","HMLSF"
"2366","HMOP"
"2367","HNDAF"
"2368","HNFSA"
"2369","HNFSB"
"2370","HNGKY"
"2371","HNHAF"
"2372","HNHPF"
"2373","HNLGY"
"2374","HNNA"
"2375","HNORY"
"2376","HNP"
"2377","HNRG"
"2378","HNTIF"
"2379","HNTIY"
"2380","HNW"
"2381","HOCPF"
"2382","HOCPY"
"2383","HOFT"
"2384","HOG"
"2385","HOKCF"
"2386","HOLD"
"2387","HOMZ"
"2388","HONE"
"2389","HONT"
"2390","HP"
"2391","HPCRF"
"2392","HPE"
"2393","HPF"
"2394","HPGLY"
"2395","HPHTF"
"2396","HPI"
"2397","HPIFF"
"2398","HPP"
"2399","HPQ"
"2400","HPS"
"2401","HQH"
"2402","HR"
"2403","HRB"
"2404","HRC"
"2405","HRELF"
"2406","HRELY"
"2407","HRGLY"
"2408","HRST"
"2409","HRTG"
"2410","HRUFF"
"2411","HRZN"
"2412","HSBC"
"2413","HSMV"
"2414","HSNGF"
"2415","HSPX"
"2416","HSQVY"
"2417","HST"
"2418","HSWLF"
"2419","HSXUF"
"2420","HTAB"
"2421","HTBI"
"2422","HTCKF"
"2423","HTCMY"
"2424","HTFA"
"2425","HTGC"
"2426","HTHIF"
"2427","HTHT"
"2428","HTIA"
"2429","HTLF"
"2430","HTUS"
"2431","HUABF"
"2432","HUATF"
"2433","HUBB"
"2434","HUKEF"
"2435","HUM"
"2436","HUN"
"2437","HUNGF"
"2438","HUQVF"
"2439","HURC"
"2440","HUSKF"
"2441","HUSV"
"2442","HUTCY"
"2443","HVRRY"
"2444","HVT-A"
"2445","HWBK"
"2446","HWCPL"
"2447","HWDJF"
"2448","HWEN"
"2449","HWKN"
"2450","HWM"
"2451","HXGBF"
"2452","HYD"
"2453","HYDB"
"2454","HYDW"
"2455","HYG"
"2456","HYGH"
"2457","HYHG"
"2458","HYLB"
"2459","HYLD"
"2460","HYLV"
"2461","HYTR"
"2462","HYUP"
"2463","HYXE"
"2464","HYXU"
"2465","IAE"
"2466","IAF"
"2467","IAFNF"
"2468","IAGG"
"2469","IAK"
"2470","IAUGF"
"2471","IBD"
"2472","IBDD"
"2473","IBDM"
"2474","IBDP"
"2475","IBDQ"
"2476","IBDR"
"2477","IBDRY"
"2478","IBDS"
"2479","IBDU"
"2480","IBHD"
"2481","IBHE"
"2482","IBKR"
"2483","IBMJ"
"2484","IBMM"
"2485","IBMN"
"2486","IBMP"
"2487","IBMQ"
"2488","IBOC"
"2489","IBTE"
"2490","IBTF"
"2491","IBTG"
"2492","IBTH"
"2493","IBTI"
"2494","IBTJ"
"2495","IBTN"
"2496","IBTX"
"2497","IBWC"
"2498","ICAGY"
"2499","ICBK"
"2500","ICF"
"2501","ICFI"
"2502","ICHGF"
"2503","ICL"
"2504","ICMB"
"2505","ICOL"
"2506","ICOW"
"2507","ICPVF"
"2508","ICTPU"
"2509","IDA"
"2510","IDCBF"
"2511","IDCBY"
"2512","IDCC"
"2513","IDEV"
"2514","IDHD"
"2515","IDKOY"
"2516","IDLB"
"2517","IDLV"
"2518","IDNA"
"2519","IDOG"
"2520","IDRV"
"2521","IDX"
"2522","IDY"
"2523","IEDI"
"2524","IEFA"
"2525","IEFN"
"2526","IEHS"
"2527","IEIH"
"2528","IEMG"
"2529","IEO"
"2530","IEP"
"2531","IESFY"
"2532","IETC"
"2533","IEX"
"2534","IEZ"
"2535","IFCPF"
"2536","IFCZF"
"2537","IFEU"
"2538","IFGL"
"2539","IFJPY"
"2540","IFN"
"2541","IFNNF"
"2542","IFNNY"
"2543","IFPJF"
"2544","IFRA"
"2545","IFS"
"2546","IFXAF"
"2547","IG"
"2548","IGA"
"2549","IGBH"
"2550","IGD"
"2551","IGE"
"2552","IGGGF"
"2553","IGGHY"
"2554","IGHG"
"2555","IGLB"
"2556","IGM"
"2557","IGOV"
"2558","IGR"
"2559","IGRO"
"2560","IHC"
"2561","IHDG"
"2562","IHF"
"2563","IHG"
"2564","IHI"
"2565","IHICF"
"2566","IHICY"
"2567","IHRMF"
"2568","IHSZF"
"2569","IHT"
"2570","IHTA"
"2571","IHY"
"2572","IID"
"2573","IIF"
"2574","IIGD"
"2575","III"
"2576","IIIN"
"2577","IIJIY"
"2578","IIM"
"2579","IIPR"
"2580","IIREF"
"2581","IITSF"
"2582","IJJ"
"2583","IJK"
"2584","IJR"
"2585","IJS"
"2586","IKTSF"
"2587","IKTSY"
"2588","ILIAY"
"2589","ILKAY"
"2590","IMBBF"
"2591","IMDXF"
"2592","IMIAF"
"2593","IMIAY"
"2594","IMLP"
"2595","IMMQF"
"2596","IMO"
"2597","IMOM"
"2598","IMPUY"
"2599","IMTM"
"2600","INBK"
"2601","INCPY"
"2602","INCZY"
"2603","INDA"
"2604","INDB"
"2605","INDY"
"2606","INFO"
"2607","INFY"
"2608","ING"
"2609","INGR"
"2610","INGVF"
"2611","INPAP"
"2612","INPCF"
"2613","INSI"
"2614","INSW"
"2615","INTAF"
"2616","INTC"
"2617","INTU"
"2618","IOFB"
"2619","IOO"
"2620","IOOFF"
"2621","IOOXF"
"2622","IOSP"
"2623","IP"
"2624","IPAC"
"2625","IPAR"
"2626","IPAY"
"2627","IPB"
"2628","IPFF"
"2629","IPG"
"2630","IPKW"
"2631","IPLDP"
"2632","IPOAF"
"2633","IPPIF"
"2634","IPPLF"
"2635","IPSEF"
"2636","IPSEY"
"2637","IPWLK"
"2638","IPWLN"
"2639","IPWLP"
"2640","IPXHY"
"2641","IQDG"
"2642","IQDY"
"2643","IQI"
"2644","IQIN"
"2645","IQSI"
"2646","IQSU"
"2647","IR"
"2648","IRBO"
"2649","IRCP"
"2650","IRCUF"
"2651","IRDEY"
"2652","IRIRF"
"2653","IRM"
"2654","IROQ"
"2655","IRPSY"
"2656","IRR"
"2657","IRSHF"
"2658","IRT"
"2659","ISBC"
"2660","ISCF"
"2661","ISD"
"2662","ISDJF"
"2663","ISDS"
"2664","ISDX"
"2665","ISDXF"
"2666","ISEM"
"2667","ISHOF"
"2668","ISHXF"
"2669","ISMKF"
"2670","ISMUF"
"2671","ISQMF"
"2672","ISRPF"
"2673","ISTR"
"2674","ISUZF"
"2675","ISUZY"
"2676","ISZE"
"2677","ITA"
"2678","ITB"
"2679","ITEGY"
"2680","ITEPF"
"2681","ITEX"
"2682","ITJTY"
"2683","ITM"
"2684","ITOCF"
"2685","ITOCY"
"2686","ITOEF"
"2687","ITOT"
"2688","ITRN"
"2689","ITT"
"2690","ITTOF"
"2691","ITUB"
"2692","ITVPF"
"2693","ITVPY"
"2694","ITW"
"2695","IUNSF"
"2696","IUSB"
"2697","IUSPF"
"2698","IUSS"
"2699","IUTCF"
"2700","IUTSF"
"2701","IVAL"
"2702","IVC"
"2703","IVE"
"2704","IVES"
"2705","IVLU"
"2706","IVMKF"
"2707","IVOG"
"2708","IVOL"
"2709","IVOO"
"2710","IVTJF"
"2711","IVV"
"2712","IWN"
"2713","IWO"
"2714","IWP"
"2715","IWS"
"2716","IWV"
"2717","IWY"
"2718","IX"
"2719","IXJ"
"2720","IXN"
"2721","IXUS"
"2722","IYC"
"2723","IYE"
"2724","IYF"
"2725","IYG"
"2726","IYH"
"2727","IYK"
"2728","IYLD"
"2729","IYM"
"2730","IYR"
"2731","IYW"
"2732","IYZ"
"2733","J"
"2734","JAPAF"
"2735","JAPAY"
"2736","JAPSY"
"2737","JARLF"
"2738","JBARF"
"2739","JBAXY"
"2740","JBFCF"
"2741","JBFCY"
"2742","JBGS"
"2743","JBK"
"2744","JBL"
"2745","JBSAY"
"2746","JBSS"
"2747","JBT"
"2748","JCAP"
"2749","JCE"
"2750","JCI"
"2751","JCO"
"2752","JCPB"
"2753","JCYCF"
"2754","JCYGY"
"2755","JDIV"
"2756","JDSHF"
"2757","JDST"
"2758","JDWPY"
"2759","JEF"
"2760","JELCF"
"2761","JEPI"
"2762","JEQ"
"2763","JFBC"
"2764","JFEEF"
"2765","JFR"
"2766","JFROF"
"2767","JGH"
"2768","JGSHF"
"2769","JHAA"
"2770","JHB"
"2771","JHCS"
"2772","JHEM"
"2773","JHG"
"2774","JHI"
"2775","JHMC"
"2776","JHMH"
"2777","JHMI"
"2778","JHML"
"2779","JHMM"
"2780","JHMS"
"2781","JHMU"
"2782","JHSC"
"2783","JHX"
"2784","JHY"
"2785","JIGB"
"2786","JJSF"
"2787","JKD"
"2788","JKE"
"2789","JKF"
"2790","JKG"
"2791","JKH"
"2792","JKI"
"2793","JKJ"
"2794","JKK"
"2795","JLS"
"2796","JMBS"
"2797","JMHLY"
"2798","JMM"
"2799","JMPLF"
"2800","JMPNL"
"2801","JMST"
"2802","JMUB"
"2803","JNES"
"2804","JNJ"
"2805","JNK"
"2806","JNPR"
"2807","JNUG"
"2808","JOF"
"2809","JPEM"
"2810","JPGB"
"2811","JPHY"
"2812","JPM"
"2813","JPMV"
"2814","JPN"
"2815","JPNL"
"2816","JPPHY"
"2817","JPPIF"
"2818","JPS"
"2819","JPSE"
"2820","JPST"
"2821","JPSWY"
"2822","JPT"
"2823","JPUHF"
"2824","JPUS"
"2825","JPXN"
"2826","JQC"
"2827","JREIF"
"2828","JRI"
"2829","JRONF"
"2830","JRS"
"2831","JRSH"
"2832","JRVR"
"2833","JSAIY"
"2834","JSCPF"
"2835","JSD"
"2836","JSEJF"
"2837","JSGRY"
"2838","JSHLY"
"2839","JSM"
"2840","JSMD"
"2841","JSML"
"2842","JSNSF"
"2843","JTA"
"2844","JTD"
"2845","JTNB"
"2846","JTTRY"
"2847","JUMSY"
"2848","JUST"
"2849","JUVF"
"2850","JVAL"
"2851","JW-A"
"2852","JW-B"
"2853","JWN"
"2854","JXHGF"
"2855","JXI"
"2856","KAEPF"
"2857","KAEPY"
"2858","KAI"
"2859","KAJMF"
"2860","KALU"
"2861","KAMN"
"2862","KAOCF"
"2863","KAOOY"
"2864","KAR"
"2865","KARS"
"2866","KB"
"2867","KBA"
"2868","KBCSF"
"2869","KBCSY"
"2870","KBE"
"2871","KBR"
"2872","KBWB"
"2873","KBWD"
"2874","KBWP"
"2875","KBWY"
"2876","KCCB"
"2877","KCDMY"
"2878","KCE"
"2879","KCKSF"
"2880","KCLI"
"2881","KDDIF"
"2882","KDDIY"
"2883","KDFI"
"2884","KDSKF"
"2885","KEFI"
"2886","KELYA"
"2887","KELYB"
"2888","KEMQ"
"2889","KEQU"
"2890","KFFB"
"2891","KFYP"
"2892","KGBLY"
"2893","KGDEY"
"2894","KGRN"
"2895","KGSPY"
"2896","KGTFY"
"2897","KHC"
"2898","KHNGF"
"2899","KHNGY"
"2900","KHOLY"
"2901","KIE"
"2902","KIGRY"
"2903","KIKOY"
"2904","KIM"
"2905","KIROY"
"2906","KISB"
"2907","KKKUF"
"2908","KKOYF"
"2909","KKPNF"
"2910","KL"
"2911","KLAC"
"2912","KLBAY"
"2913","KLCD"
"2914","KLDW"
"2915","KLIB"
"2916","KLIC"
"2917","KLPEF"
"2918","KLYCY"
"2919","KMAAF"
"2920","KMB"
"2921","KMED"
"2922","KMF"
"2923","KMRCF"
"2924","KMSWF"
"2925","KMT"
"2926","KMTUY"
"2927","KNAMF"
"2928","KNCAF"
"2929","KNCAY"
"2930","KNG"
"2931","KNL"
"2932","KNRRY"
"2933","KNX"
"2934","KNYJF"
"2935","KO"
"2936","KOF"
"2937","KOKU"
"2938","KOL"
"2939","KOMP"
"2940","KORP"
"2941","KOS"
"2942","KOTMY"
"2943","KPCPF"
"2944","KPCPY"
"2945","KPELF"
"2946","KPLUF"
"2947","KPLUY"
"2948","KRE"
"2949","KREVF"
"2950","KRG"
"2951","KRIUF"
"2952","KRNTY"
"2953","KRO"
"2954","KRP"
"2955","KRYAF"
"2956","KRYAY"
"2957","KSBI"
"2958","KSCD"
"2959","KSPHF"
"2960","KSS"
"2961","KSU-P"
"2962","KTB"
"2963","KTBA"
"2964","KTF"
"2965","KTH"
"2966","KTHN"
"2967","KTN"
"2968","KTWIF"
"2969","KUBTF"
"2970","KUBTY"
"2971","KUKAY"
"2972","KUMBF"
"2973","KW"
"2974","KWEB"
"2975","KWHIF"
"2976","KWIPF"
"2977","KWPCY"
"2978","KWR"
"2979","KXI"
"2980","KYCCF"
"2981","KYKOF"
"2982","KYN"
"2983","KYOCY"
"2984","KZMYY"
"2985","L"
"2986","LAACZ"
"2987","LADR"
"2988","LAMR"
"2989","LANC"
"2990","LAND"
"2991","LANDP"
"2992","LARK"
"2993","LAZ"
"2994","LB"
"2995","LBAI"
"2996","LBLCF"
"2997","LBRT"
"2998","LBSI"
"2999","LCCTF"
"3000","LCII"
"3001","LCNB"
"3002","LDEM"
"3003","LDKB"
"3004","LDOS"
"3005","LDP"
"3006","LDRS"
"3007","LDSCY"
"3008","LDSF"
"3009","LDSVF"
"3010","LEAD"
"3011","LECO"
"3012","LEFUF"
"3013","LEG"
"3014","LEN"
"3015","LEN-B"
"3016","LEND"
"3017","LEO"
"3018","LEVI"
"3019","LEVL"
"3020","LFBCF"
"3021","LFC"
"3022","LFDJF"
"3023","LFEQ"
"3024","LFGP"
"3025","LFSYY"
"3026","LFUGF"
"3027","LFUS"
"3028","LGFRY"
"3029","LGGNF"
"3030","LGH"
"3031","LGI"
"3032","LGOV"
"3033","LGRDY"
"3034","LGTHF"
"3035","LIMAF"
"3036","LINS"
"3037","LINSA"
"3038","LINX"
"3039","LKFN"
"3040","LKHLY"
"3041","LKKRF"
"3042","LKOR"
"3043","LLDTF"
"3044","LLESF"
"3045","LLESY"
"3046","LLY"
"3047","LMAT"
"3048","LMBS"
"3049","LMHA"
"3050","LMPMY"
"3051","LMRK"
"3052","LMRKN"
"3053","LMRKO"
"3054","LMT"
"3055","LNC"
"3056","LND"
"3057","LNDNF"
"3058","LNGR"
"3059","LNNGY"
"3060","LNSPF"
"3061","LNSTY"
"3062","LNT"
"3063","LNTEF"
"3064","LNVGY"
"3065","LOAN"
"3066","LOGM"
"3067","LONKF"
"3068","LOW"
"3069","LOWC"
"3070","LPKFF"
"3071","LPLA"
"3072","LPX"
"3073","LQDH"
"3074","LQDI"
"3075","LRCDF"
"3076","LRCX"
"3077","LRENY"
"3078","LRGE"
"3079","LSAF"
"3080","LSDAF"
"3081","LSGOF"
"3082","LSLPF"
"3083","LSRCF"
"3084","LSST"
"3085","LTGHY"
"3086","LTMAQ"
"3087","LTOUF"
"3088","LTSA"
"3089","LTSK"
"3090","LTSL"
"3091","LUCRF"
"3092","LUKOY"
"3093","LUMB"
"3094","LUNMF"
"3095","LUPEY"
"3096","LVMHF"
"3097","LVMUY"
"3098","LVS"
"3099","LVSDF"
"3100","LVUS"
"3101","LW"
"3102","LWSCF"
"3103","LXP"
"3104","LYB"
"3105","LYSFY"
"3106","LYTS"
"3107","LZAGY"
"3108","LZB"
"3109","M"
"3110","MA"
"3111","MAAL"
"3112","MAANF"
"3113","MAEOY"
"3114","MAGA"
"3115","MAHLY"
"3116","MAKSF"
"3117","MAKSY"
"3118","MALJF"
"3119","MALRY"
"3120","MAMTF"
"3121","MAN"
"3122","MANT"
"3123","MANU"
"3124","MAORF"
"3125","MAPIF"
"3126","MAQAF"
"3127","MAR"
"3128","MARUY"
"3129","MAS"
"3130","MATX"
"3131","MAURY"
"3132","MAUSY"
"3133","MAV"
"3134","MAWHF"
"3135","MAWHY"
"3136","MAXR"
"3137","MBCN"
"3138","MBFJF"
"3139","MBIN"
"3140","MBINP"
"3141","MBKL"
"3142","MBLU"
"3143","MBSD"
"3144","MBWM"
"3145","MC"
"3146","MCA"
"3147","MCBK"
"3148","MCCHF"
"3149","MCEF"
"3150","MCEM"
"3151","MCFUF"
"3152","MCHHF"
"3153","MCHP"
"3154","MCHVF"
"3155","MCHVY"
"3156","MCN"
"3157","MCO"
"3158","MCPB"
"3159","MCR"
"3160","MCRAB"
"3161","MCRNF"
"3162","MCRO"
"3163","MCRPF"
"3164","MCRUF"
"3165","MCS"
"3166","MCSHF"
"3167","MCV"
"3168","MCY"
"3169","MDBPF"
"3170","MDC"
"3171","MDEVF"
"3172","MDIV"
"3173","MDLX"
"3174","MDLY"
"3175","MDNDF"
"3176","MDP"
"3177","MDPEB"
"3178","MDRR"
"3179","MDTKF"
"3180","MDVT"
"3181","MDYV"
"3182","MEAR"
"3183","MECVF"
"3184","MED"
"3185","MEI"
"3186","MEJHY"
"3187","MEOH"
"3188","MERC"
"3189","MEXX"
"3190","MFBP"
"3191","MFC"
"3192","MFCSF"
"3193","MFD"
"3194","MFDX"
"3195","MFEM"
"3196","MFG"
"3197","MFGI"
"3198","MFINL"
"3199","MFL"
"3200","MFMS"
"3201","MFNC"
"3202","MFO"
"3203","MFT"
"3204","MFUS"
"3205","MFV"
"3206","MGAAF"
"3207","MGDDY"
"3208","MGEE"
"3209","MGF"
"3210","MGK"
"3211","MGP"
"3212","MGPI"
"3213","MGPUF"
"3214","MGR"
"3215","MGV"
"3216","MHD"
"3217","MHF"
"3218","MHGUP"
"3219","MHGVY"
"3220","MHI"
"3221","MHLA"
"3222","MHPSY"
"3223","MHVYF"
"3224","MIDU"
"3225","MIDZ"
"3226","MIE"
"3227","MIELF"
"3228","MIELY"
"3229","MINC"
"3230","MINDP"
"3231","MITEY"
"3232","MITFF"
"3233","MITFY"
"3234","MITSF"
"3235","MITSY"
"3236","MITT"
"3237","MITUF"
"3238","MIUFY"
"3239","MKC-V"
"3240","MKKGY"
"3241","MKMLF"
"3242","MKTAY"
"3243","MKTX"
"3244","MLCO"
"3245","MLHR"
"3246","MLI"
"3247","MLLGF"
"3248","MLM"
"3249","MLPA"
"3250","MLPC"
"3251","MLPG"
"3252","MLPI"
"3253","MLPO"
"3254","MLPX"
"3255","MLPY"
"3256","MLR"
"3257","MLSPF"
"3258","MMD"
"3259","MMIN"
"3260","MMIT"
"3261","MMM"
"3262","MMP"
"3263","MMT"
"3264","MMTM"
"3265","MMTOF"
"3266","MMU"
"3267","MN"
"3268","MNBEY"
"3269","MNDO"
"3270","MNESP"
"3271","MNHFY"
"3272","MNILY"
"3273","MNLFF"
"3274","MNMB"
"3275","MNP"
"3276","MNPP"
"3277","MNR"
"3278","MNRL"
"3279","MNRO"
"3280","MNXBY"
"3281","MOAT"
"3282","MODVF"
"3283","MOG-A"
"3284","MOHCY"
"3285","MOMO"
"3286","MONDF"
"3287","MONOY"
"3288","MOO"
"3289","MORN"
"3290","MORT"
"3291","MOS"
"3292","MPB"
"3293","MPC"
"3294","MPCIY"
"3295","MPCMF"
"3296","MPFRF"
"3297","MPFRY"
"3298","MPGPF"
"3299","MPGPY"
"3300","MPLX"
"3301","MPW"
"3302","MPWR"
"3303","MQBKY"
"3304","MQT"
"3305","MQY"
"3306","MRAAF"
"3307","MRCBF"
"3308","MRCHF"
"3309","MRETF"
"3310","MRJOF"
"3311","MRK"
"3312","MRLN"
"3313","MRPLY"
"3314","MRPRF"
"3315","MRTI"
"3316","MRTN"
"3317","MRVL"
"3318","MRWSF"
"3319","MRWSY"
"3320","MS"
"3321","MSA"
"3322","MSADF"
"3323","MSADY"
"3324","MSB"
"3325","MSBHF"
"3326","MSBHY"
"3327","MSBI"
"3328","MSCI"
"3329","MSD"
"3330","MSEX"
"3331","MSEXP"
"3332","MSFT"
"3333","MSHXF"
"3334","MSI"
"3335","MSIXF"
"3336","MSLOF"
"3337","MSLOY"
"3338","MSM"
"3339","MSSEL"
"3340","MSUXF"
"3341","MSVB"
"3342","MSWV"
"3343","MTA"
"3344","MTB"
"3345","MTBCP"
"3346","MTCPY"
"3347","MTEX"
"3348","MTG"
"3349","MTGGY"
"3350","MTGP"
"3351","MTGRF"
"3352","MTGRY"
"3353","MTHRF"
"3354","MTLHF"
"3355","MTLHY"
"3356","MTLQU"
"3357","MTN"
"3358","MTNOF"
"3359","MTNOY"
"3360","MTPOY"
"3361","MTR"
"3362","MTRJF"
"3363","MTSC"
"3364","MTT"
"3365","MTUAY"
"3366","MTUM"
"3367","MTVB"
"3368","MTX"
"3369","MTYFF"
"3370","MUA"
"3371","MUE"
"3372","MUFG"
"3373","MUH"
"3374","MUI"
"3375","MUJ"
"3376","MURGY"
"3377","MUS"
"3378","MUST"
"3379","MUTE"
"3380","MVC"
"3381","MVCD"
"3382","MVIN"
"3383","MVO"
"3384","MVRL"
"3385","MVT"
"3386","MVV"
"3387","MWA"
"3388","MWTCF"
"3389","MWTCY"
"3390","MXCHF"
"3391","MXCHY"
"3392","MXDE"
"3393","MXDU"
"3394","MXF"
"3395","MXI"
"3396","MXIM"
"3397","MYBF"
"3398","MYE"
"3399","MYI"
"3400","MYJ"
"3401","MYN"
"3402","MYTHF"
"3403","MYTHY"
"3404","MYY"
"3405","MZDAF"
"3406","MZDAY"
"3407","MZHOF"
"3408","MZTFF"
"3409","MZTLF"
"3410","MZZ"
"3411","NABZY"
"3412","NAC"
"3413","NAD"
"3414","NAIL"
"3415","NANR"
"3416","NASB"
"3417","NATH"
"3418","NAUBF"
"3419","NAVI"
"3420","NAZ"
"3421","NBH"
"3422","NBKCF"
"3423","NBLX"
"3424","NBN"
"3425","NBO"
"3426","NBPVF"
"3427","NBRNF"
"3428","NBW"
"3429","NC"
"3430","NCA"
"3431","NCB"
"3432","NCBDF"
"3433","NCHEY"
"3434","NCLTF"
"3435","NCMGY"
"3436","NCTKF"
"3437","NCV"
"3438","NCXS"
"3439","NCZ"
"3440","NDEKF"
"3441","NDEKY"
"3442","NDGPF"
"3443","NDSN"
"3444","NDVLY"
"3445","NEA"
"3446","NEAR"
"3447","NEED"
"3448","NEFBP"
"3449","NEN"
"3450","NENTF"
"3451","NERD"
"3452","NESRF"
"3453","NETL"
"3454","NEU"
"3455","NEWEN"
"3456","NEWT"
"3457","NEWTL"
"3458","NEXA"
"3459","NEXOF"
"3460","NFBK"
"3461","NFJ"
"3462","NFPC"
"3463","NFRA"
"3464","NFTY"
"3465","NGCRY"
"3466","NGHC"
"3467","NGHCN"
"3468","NGHCP"
"3469","NGKSF"
"3470","NGKSY"
"3471","NGL"
"3472","NGVC"
"3473","NHA"
"3474","NHC"
"3475","NHCZF"
"3476","NHPEF"
"3477","NHTC"
"3478","NHYDY"
"3479","NID"
"3480","NIDB"
"3481","NIE"
"3482","NIFCY"
"3483","NILSY"
"3484","NIM"
"3485","NINOF"
"3486","NINOY"
"3487","NIQ"
"3488","NISTF"
"3489","NISUY"
"3490","NJR"
"3491","NKE"
"3492","NKG"
"3493","NKRKY"
"3494","NKSH"
"3495","NL"
"3496","NLOK"
"3497","NLY"
"3498","NMEHF"
"3499","NMFC"
"3500","NMFX"
"3501","NMI"
"3502","NML"
"3503","NMM"
"3504","NMPWP"
"3505","NMR"
"3506","NMS"
"3507","NMY"
"3508","NMZ"
"3509","NNBR"
"3510","NNCHY"
"3511","NNDNF"
"3512","NNGPF"
"3513","NOBL"
"3514","NOFCF"
"3515","NOKBF"
"3516","NOM"
"3517","NOPMF"
"3518","NORW"
"3519","NP"
"3520","NPCPF"
"3521","NPIWF"
"3522","NPK"
"3523","NPKYY"
"3524","NPN"
"3525","NPO"
"3526","NPPXF"
"3527","NPSHY"
"3528","NPSKY"
"3529","NPSNY"
"3530","NRDBY"
"3531","NRG"
"3532","NRGSP"
"3533","NRGX"
"3534","NRIM"
"3535","NRK"
"3536","NRO"
"3537","NRP"
"3538","NRT"
"3539","NRZ"
"3540","NS"
"3541","NSANF"
"3542","NSANY"
"3543","NSARO"
"3544","NSARP"
"3545","NSC"
"3546","NSEC"
"3547","NSKFF"
"3548","NSP"
"3549","NSRGF"
"3550","NSRGY"
"3551","NSYC"
"3552","NTAP"
"3553","NTDMF"
"3554","NTDOY"
"3555","NTG"
"3556","NTIP"
"3557","NTNTY"
"3558","NTOIF"
"3559","NTOIY"
"3560","NTR"
"3561","NTRS"
"3562","NTSX"
"3563","NTTYY"
"3564","NTXVF"
"3565","NUAG"
"3566","NUBC"
"3567","NUBD"
"3568","NUDM"
"3569","NUE"
"3570","NUEM"
"3571","NUGT"
"3572","NUHY"
"3573","NULC"
"3574","NULG"
"3575","NULV"
"3576","NUMV"
"3577","NUS"
"3578","NUSA"
"3579","NUSI"
"3580","NUV"
"3581","NUVR"
"3582","NVG"
"3583","NVO"
"3584","NVS"
"3585","NVT"
"3586","NVZMY"
"3587","NWE"
"3588","NWWCF"
"3589","NWYF"
"3590","NX"
"3591","NXC"
"3592","NXCLF"
"3593","NXGPF"
"3594","NXGPY"
"3595","NXJ"
"3596","NXN"
"3597","NXP"
"3598","NXPGF"
"3599","NXPI"
"3600","NXQ"
"3601","NXR"
"3602","NXRT"
"3603","NXST"
"3604","NXTG"
"3605","NYCB"
"3606","NYF"
"3607","NYMT"
"3608","NYMTM"
"3609","NYMTN"
"3610","NYMTO"
"3611","NYMTP"
"3612","NYT"
"3613","NYUKF"
"3614","NYV"
"3615","NZF"
"3616","NZRFF"
"3617","NZSTF"
"3618","NZTCF"
"3619","O"
"3620","OAOFY"
"3621","OASMY"
"3622","OBCI"
"3623","OBNK"
"3624","OBOR"
"3625","OBYCF"
"3626","OC"
"3627","OCBI"
"3628","OCCI"
"3629","OCCIP"
"3630","OCFC"
"3631","OCGPF"
"3632","OCIO"
"3633","OCLDF"
"3634","OCLDY"
"3635","OCNB"
"3636","OCPNF"
"3637","OCSI"
"3638","OCSL"
"3639","ODC"
"3640","ODFL"
"3641","ODMUF"
"3642","ODP"
"3643","OEC"
"3644","OERCF"
"3645","OEUR"
"3646","OEZVY"
"3647","OFED"
"3648","OFG"
"3649","OFLX"
"3650","OFSSI"
"3651","OFSSZ"
"3652","OGCP"
"3653","OGE"
"3654","OGFGY"
"3655","OI"
"3656","OIH"
"3657","OILK"
"3658","OISHF"
"3659","OJIPY"
"3660","OJOC"
"3661","OKE"
"3662","OKIEY"
"3663","OLCLF"
"3664","OLCLY"
"3665","OLED"
"3666","OLMIY"
"3667","OLMXF"
"3668","OLN"
"3669","OLP"
"3670","OMFL"
"3671","OMFS"
"3672","OMI"
"3673","OMP"
"3674","OMRNY"
"3675","ONB"
"3676","ONEO"
"3677","ONEV"
"3678","ONEY"
"3679","ONMBF"
"3680","OPHLY"
"3681","OPI"
"3682","OPINI"
"3683","OPOF"
"3684","OPP"
"3685","OPY"
"3686","OPYGY"
"3687","OR"
"3688","ORA"
"3689","ORAN"
"3690","ORBN"
"3691","ORC"
"3692","ORCC"
"3693","ORCL"
"3694","ORKLF"
"3695","ORKLY"
"3696","OROVF"
"3697","OROVY"
"3698","ORRAF"
"3699","ORRYY"
"3700","ORXCF"
"3701","ORXGF"
"3702","OSB"
"3703","OSGCF"
"3704","OSNDF"
"3705","OSTBP"
"3706","OSTIY"
"3707","OSW"
"3708","OTCM"
"3709","OTEX"
"3710","OTIS"
"3711","OTSKY"
"3712","OTTW"
"3713","OUKPY"
"3714","OUSA"
"3715","OUT"
"3716","OUTKY"
"3717","OVB"
"3718","OVBC"
"3719","OVCHF"
"3720","OVF"
"3721","OVL"
"3722","OVM"
"3723","OXLC"
"3724","OXLCM"
"3725","OXLCO"
"3726","OXSQ"
"3727","OXSQL"
"3728","OXSQZ"
"3729","OXY"
"3730","OZFRY"
"3731","OZK"
"3732","PAAS"
"3733","PACW"
"3734","PAEKY"
"3735","PAHC"
"3736","PAK"
"3737","PANL"
"3738","PAPR"
"3739","PASS"
"3740","PATI"
"3741","PATK"
"3742","PAUG"
"3743","PAVE"
"3744","PAWZ"
"3745","PAYX"
"3746","PBB"
"3747","PBCRY"
"3748","PBCT"
"3749","PBCTP"
"3750","PBDM"
"3751","PBE"
"3752","PBF"
"3753","PBIP"
"3754","PBJ"
"3755","PBKC"
"3756","PBKOF"
"3757","PBLOF"
"3758","PBNC"
"3759","PBND"
"3760","PBP"
"3761","PBR"
"3762","PBS"
"3763","PBSM"
"3764","PBT"
"3765","PBTP"
"3766","PBUS"
"3767","PBW"
"3768","PBY"
"3769","PCB"
"3770","PCCWY"
"3771","PCCYF"
"3772","PCDVF"
"3773","PCEF"
"3774","PCF"
"3775","PCFBF"
"3776","PCH"
"3777","PCHM"
"3778","PCM"
"3779","PCN"
"3780","PCQ"
"3781","PCRFF"
"3782","PCRFY"
"3783","PCTI"
"3784","PCWLF"
"3785","PDBC"
"3786","PDCO"
"3787","PDER"
"3788","PDEV"
"3789","PDI"
"3790","PDM"
"3791","PDN"
"3792","PDRDY"
"3793","PDT"
"3794","PDYPY"
"3795","PEAK"
"3796","PEBC"
"3797","PEBK"
"3798","PEBO"
"3799","PEFDF"
"3800","PEG"
"3801","PEGA"
"3802","PEGRF"
"3803","PEGRY"
"3804","PEJ"
"3805","PEO"
"3806","PEP"
"3807","PER"
"3808","PETFF"
"3809","PEX"
"3810","PEXL"
"3811","PEXNY"
"3812","PEY"
"3813","PEYUF"
"3814","PEZ"
"3815","PFBC"
"3816","PFBI"
"3817","PFBN"
"3818","PFBX"
"3819","PFE"
"3820","PFF"
"3821","PFFD"
"3822","PFFR"
"3823","PFFVF"
"3824","PFG"
"3825","PFI"
"3826","PFIG"
"3827","PFIN"
"3828","PFL"
"3829","PFLC"
"3830","PFLT"
"3831","PFM"
"3832","PFOH"
"3833","PFS"
"3834","PFSI"
"3835","PGAL"
"3836","PGC"
"3837","PGCMF"
"3838","PGHY"
"3839","PGP"
"3840","PGPEF"
"3841","PGR"
"3842","PGRE"
"3843","PGWFF"
"3844","PGX"
"3845","PGZ"
"3846","PH"
"3847","PHB"
"3848","PHD"
"3849","PHDG"
"3850","PHJMF"
"3851","PHK"
"3852","PHM"
"3853","PHO"
"3854","PHX"
"3855","PHYL"
"3856","PIAGF"
"3857","PICB"
"3858","PICK"
"3859","PID"
"3860","PIFMY"
"3861","PIGEF"
"3862","PIN"
"3863","PINE"
"3864","PINWF"
"3865","PINXY"
"3866","PIO"
"3867","PJH"
"3868","PJP"
"3869","PJT"
"3870","PJUL"
"3871","PKB"
"3872","PKCOF"
"3873","PKCOY"
"3874","PKE"
"3875","PKIUF"
"3876","PKKW"
"3877","PKO"
"3878","PKOH"
"3879","PKW"
"3880","PKX"
"3881","PLAY"
"3882","PLBC"
"3883","PLCY"
"3884","PLD"
"3885","PLDGP"
"3886","PLFRY"
"3887","PLOW"
"3888","PLPC"
"3889","PLT"
"3890","PLTYF"
"3891","PLWN"
"3892","PM"
"3893","PMCUF"
"3894","PMD"
"3895","PMF"
"3896","PMHG"
"3897","PML"
"3898","PMMBF"
"3899","PMMTF"
"3900","PMO"
"3901","PMOM"
"3902","PMX"
"3903","PNADF"
"3904","PNF"
"3905","PNI"
"3906","PNM"
"3907","PNMXO"
"3908","PNNT"
"3909","PNNTG"
"3910","PNR"
"3911","PNW"
"3912","PNXGF"
"3913","POCT"
"3914","POFCY"
"3915","POGWY"
"3916","PONT"
"3917","POR"
"3918","PORBF"
"3919","POWI"
"3920","POWL"
"3921","POYYF"
"3922","PPA"
"3923","PPAL"
"3924","PPCCF"
"3925","PPCCY"
"3926","PPDM"
"3927","PPERF"
"3928","PPH"
"3929","PPLC"
"3930","PPLL"
"3931","PPR"
"3932","PPRQF"
"3933","PPRUF"
"3934","PPSF"
"3935","PPWLM"
"3936","PPWLO"
"3937","PPX"
"3938","PQIN"
"3939","PQLC"
"3940","PQSG"
"3941","PQSV"
"3942","PRA"
"3943","PRBZF"
"3944","PREF"
"3945","PREUF"
"3946","PRFZ"
"3947","PRGAF"
"3948","PRGS"
"3949","PRH"
"3950","PRIM"
"3951","PRK"
"3952","PRMW"
"3953","PRN"
"3954","PRNT"
"3955","PROV"
"3956","PRPH"
"3957","PRS"
"3958","PRT"
"3959","PRU"
"3960","PRYMF"
"3961","PSA"
"3962","PSB"
"3963","PSBP"
"3964","PSBQ"
"3965","PSCC"
"3966","PSCE"
"3967","PSCF"
"3968","PSCI"
"3969","PSCM"
"3970","PSET"
"3971","PSF"
"3972","PSI"
"3973","PSJ"
"3974","PSL"
"3975","PSM"
"3976","PSMB"
"3977","PSMC"
"3978","PSMG"
"3979","PSMM"
"3980","PSMMF"
"3981","PSMT"
"3982","PSO"
"3983","PSORF"
"3984","PSPSF"
"3985","PSTL"
"3986","PSX"
"3987","PSXP"
"3988","PTAIF"
"3989","PTAIY"
"3990","PTALF"
"3991","PTAUY"
"3992","PTBD"
"3993","PTBRY"
"3994","PTBS"
"3995","PTCAY"
"3996","PTEU"
"3997","PTFRY"
"3998","PTHIY"
"3999","PTJSY"
"4000","PTKFF"
"4001","PTLC"
"4002","PTMN"
"4003","PTNQ"
"4004","PTR"
"4005","PTTPF"
"4006","PTTTS"
"4007","PTVCA"
"4008","PTVCB"
"4009","PTXLF"
"4010","PTY"
"4011","PUK"
"4012","PUK-P"
"4013","PUKPF"
"4014","PULS"
"4015","PUTKF"
"4016","PUTKY"
"4017","PUTRF"
"4018","PUTRY"
"4019","PUTW"
"4020","PVAL"
"4021","PVH"
"4022","PVI"
"4023","PVL"
"4024","PWC"
"4025","PWCDF"
"4026","PWR"
"4027","PWS"
"4028","PWV"
"4029","PWZ"
"4030","PXD"
"4031","PXF"
"4032","PXH"
"4033","PXI"
"4034","PXJ"
"4035","PXQ"
"4036","PYHOF"
"4037","PYPE"
"4038","PYS"
"4039","PYT"
"4040","PYTCY"
"4041","PZA"
"4042","PZC"
"4043","PZCUY"
"4044","PZN"
"4045","PZT"
"4046","PZZA"
"4047","QABA"
"4048","QABSY"
"4049","QADA"
"4050","QARP"
"4051","QBCRF"
"4052","QBEIF"
"4053","QBIEY"
"4054","QCLN"
"4055","QCOM"
"4056","QCRH"
"4057","QDEF"
"4058","QDYN"
"4059","QEFA"
"4060","QEMM"
"4061","QGRO"
"4062","QGTA"
"4063","QID"
"4064","QIWI"
"4065","QLC"
"4066","QLD"
"4067","QLS"
"4068","QLTA"
"4069","QLV"
"4070","QLVD"
"4071","QLVE"
"4072","QMJ"
"4073","QMN"
"4074","QMOM"
"4075","QNBC"
"4076","QNTO"
"4077","QNTQF"
"4078","QNTQY"
"4079","QQQ"
"4080","QQQE"
"4081","QQQX"
"4082","QRFT"
"4083","QRNNF"
"4084","QSR"
"4085","QSY"
"4086","QTS"
"4087","QTUM"
"4088","QUAD"
"4089","QUAL"
"4090","QUBSF"
"4091","QUCT"
"4092","QULRY"
"4093","QVAL"
"4094","QVM"
"4095","QYLD"
"4096","R"
"4097","RACE"
"4098","RAFE"
"4099","RAFI"
"4100","RAFLF"
"4101","RALS"
"4102","RAND"
"4103","RANJY"
"4104","RBA"
"4105","RBB"
"4106","RBCAA"
"4107","RBGLY"
"4108","RBGPF"
"4109","RBIN"
"4110","RBLAY"
"4111","RBNC"
"4112","RBS"
"4113","RBSFY"
"4114","RBSPF"
"4115","RBUS"
"4116","RCD"
"4117","RCDTF"
"4118","RCI"
"4119","RCIAF"
"4120","RCII"
"4121","RCKXF"
"4122","RCKY"
"4123","RCL"
"4124","RCP"
"4125","RCRUY"
"4126","RCS"
"4127","RDEIF"
"4128","RDIV"
"4129","RDN"
"4130","RDOG"
"4131","RDRUY"
"4132","RDS-A"
"4133","RDS-B"
"4134","RDSMY"
"4135","RDVY"
"4136","RDY"
"4137","RE"
"4138","RECS"
"4139","REDW"
"4140","REG"
"4141","REK"
"4142","REM"
"4143","REMX"
"4144","REMYF"
"4145","REMYY"
"4146","REPYF"
"4147","REPYY"
"4148","RESD"
"4149","RESE"
"4150","RESI"
"4151","RESP"
"4152","RETDF"
"4153","REVS"
"4154","REW"
"4155","REYN"
"4156","REZ"
"4157","RF"
"4158","RFCI"
"4159","RFDA"
"4160","RFEU"
"4161","RFFC"
"4162","RFI"
"4163","RFIL"
"4164","RFUN"
"4165","RGA"
"4166","RGCO"
"4167","RGLD"
"4168","RGP"
"4169","RGR"
"4170","RGRNF"
"4171","RGT"
"4172","RHDGF"
"4173","RHHBY"
"4174","RHHVF"
"4175","RHI"
"4176","RHS"
"4177","RICOF"
"4178","RIDYF"
"4179","RIF"
"4180","RIGS"
"4181","RILYG"
"4182","RILYH"
"4183","RILYI"
"4184","RILYM"
"4185","RILYN"
"4186","RILYO"
"4187","RILYZ"
"4188","RINF"
"4189","RING"
"4190","RIO"
"4191","RIOCF"
"4192","RIV"
"4193","RIVE"
"4194","RJF"
"4195","RKAGY"
"4196","RKLIF"
"4197","RKUNF"
"4198","RL"
"4199","RLGY"
"4200","RLI"
"4201","RLJ"
"4202","RLXXF"
"4203","RMAX"
"4204","RMCF"
"4205","RMD"
"4206","RMI"
"4207","RMLRF"
"4208","RMPL-P"
"4209","RMT"
"4210","RMYHY"
"4211","RNDV"
"4212","RNEM"
"4213","RNFTF"
"4214","RNLC"
"4215","RNMBY"
"4216","RNMC"
"4217","RNRTY"
"4218","RNSC"
"4219","ROBT"
"4220","RODE"
"4221","RODM"
"4222","ROHCY"
"4223","ROIC"
"4224","ROK"
"4225","ROKT"
"4226","ROL"
"4227","ROM"
"4228","ROMO"
"4229","ROOF"
"4230","ROP"
"4231","RORE"
"4232","ROSC"
"4233","ROST"
"4234","ROUS"
"4235","ROYT"
"4236","RPAI"
"4237","RPAR"
"4238","RPG"
"4239","RPG"
"4240","RPT"
"4241","RQI"
"4242","RRBI"
"4243","RRC"
"4244","RRETY"
"4245","RROYF"
"4246","RRR"
"4247","RS"
"4248","RSGUF"
"4249","RSMDF"
"4250","RSNAY"
"4251","RSP"
"4252","RSRBF"
"4253","RSTRF"
"4254","RSX"
"4255","RSXJ"
"4256","RTBBF"
"4257","RTMVF"
"4258","RTMVY"
"4259","RTNTF"
"4260","RTOKY"
"4261","RTOXF"
"4262","RTOXY"
"4263","RUSHA"
"4264","RUSL"
"4265","RUSMF"
"4266","RVI"
"4267","RVRS"
"4268","RVT"
"4269","RWCB"
"4270","RWCD"
"4271","RWDC"
"4272","RWED"
"4273","RWEOY"
"4274","RWGV"
"4275","RWIU"
"4276","RWJ"
"4277","RWK"
"4278","RWL"
"4279","RWLS"
"4280","RWM"
"4281","RWO"
"4282","RWR"
"4283","RWSL"
"4284","RWVG"
"4285","RWX"
"4286","RXD"
"4287","RXL"
"4288","RXLSF"
"4289","RXN"
"4290","RY"
"4291","RYE"
"4292","RYH"
"4293","RYHTY"
"4294","RYN"
"4295","RYT"
"4296","RYYLF"
"4297","RZB"
"4298","RZG"
"4299","RZV"
"4300","SAABY"
"4301","SABR"
"4302","SAFE"
"4303","SAFT"
"4304","SAH"
"4305","SALM"
"4306","SALT"
"4307","SAMG"
"4308","SAPGF"
"4309","SAPIF"
"4310","SAPMY"
"4311","SAR"
"4312","SARDF"
"4313","SARDY"
"4314","SASR"
"4315","SATLF"
"4316","SAUHF"
"4317","SAUHY"
"4318","SAUNF"
"4319","SAXJY"
"4320","SAXPF"
"4321","SBB"
"4322","SBBI"
"4323","SBBSF"
"4324","SBBX"
"4325","SBFFY"
"4326","SBFG"
"4327","SBGI"
"4328","SBGOF"
"4329","SBI"
"4330","SBIO"
"4331","SBLK"
"4332","SBLUY"
"4333","SBM"
"4334","SBMFF"
"4335","SBNC"
"4336","SBNCM"
"4337","SBNY"
"4338","SBOEY"
"4339","SBS"
"4340","SBSI"
"4341","SBSNF"
"4342","SBT"
"4343","SBUX"
"4344","SC"
"4345","SCBFF"
"4346","SCBFY"
"4347","SCBS"
"4348","SCCB"
"4349","SCD"
"4350","SCGLF"
"4351","SCHA"
"4352","SCHB"
"4353","SCHC"
"4354","SCHF"
"4355","SCHH"
"4356","SCHJ"
"4357","SCHM"
"4358","SCHO"
"4359","SCHP"
"4360","SCHQ"
"4361","SCHR"
"4362","SCHW"
"4363","SCHZ"
"4364","SCI"
"4365","SCID"
"4366","SCIJ"
"4367","SCIU"
"4368","SCIX"
"4369","SCL"
"4370","SCOTF"
"4371","SCPAF"
"4372","SCPJ"
"4373","SCRPF"
"4374","SCRYY"
"4375","SCS"
"4376","SCSG"
"4377","SCTBF"
"4378","SCVL"
"4379","SCVPF"
"4380","SCVPY"
"4381","SCVUF"
"4382","SCYT"
"4383","SCZ"
"4384","SCZC"
"4385","SDD"
"4386","SDG"
"4387","SDGB"
"4388","SDIV"
"4389","SDLPF"
"4390","SDP"
"4391","SDRMU"
"4392","SDS"
"4393","SDVKY"
"4394","SDVY"
"4395","SDXAY"
"4396","SDXOF"
"4397","SDY"
"4398","SDYL"
"4399","SEA"
"4400","SEB"
"4401","SEBC"
"4402","SECCF"
"4403","SECVY"
"4404","SECYF"
"4405","SEF"
"4406","SEIX"
"4407","SEKEF"
"4408","SELF"
"4409","SEOAY"
"4410","SEPGF"
"4411","SEPGY"
"4412","SEXHF"
"4413","SFBC"
"4414","SFBK"
"4415","SFBS"
"4416","SFDL"
"4417","SFHY"
"4418","SFIG"
"4419","SFL"
"4420","SFNC"
"4421","SFNXF"
"4422","SFSHF"
"4423","SFTBF"
"4424","SFTBY"
"4425","SFYF"
"4426","SFYX"
"4427","SGA"
"4428","SGAMF"
"4429","SGAPY"
"4430","SGBAF"
"4431","SGBLY"
"4432","SGC"
"4433","SGCFF"
"4434","SGDJ"
"4435","SGDM"
"4436","SGGKF"
"4437","SGGKY"
"4438","SGHIF"
"4439","SGIOY"
"4440","SGLMF"
"4441","SGLOF"
"4442","SGPRY"
"4443","SGSOF"
"4444","SGSPF"
"4445","SH"
"4446","SHALF"
"4447","SHALY"
"4448","SHCAY"
"4449","SHE"
"4450","SHECF"
"4451","SHECY"
"4452","SHEN"
"4453","SHGKY"
"4454","SHGXY"
"4455","SHKLY"
"4456","SHLAF"
"4457","SHLRF"
"4458","SHM"
"4459","SHMCF"
"4460","SHMDF"
"4461","SHMUF"
"4462","SHNWF"
"4463","SHO"
"4464","SHOO"
"4465","SHPMF"
"4466","SHPMY"
"4467","SHTDF"
"4468","SHTDY"
"4469","SHTGF"
"4470","SHTLF"
"4471","SHV"
"4472","SHWDF"
"4473","SHWDY"
"4474","SHY"
"4475","SHYD"
"4476","SHYG"
"4477","SHYL"
"4478","SHZHY"
"4479","SHZNF"
"4480","SHZNY"
"4481","SHZUY"
"4482","SID"
"4483","SIEGY"
"4484","SIETY"
"4485","SIG"
"4486","SIGI"
"4487","SII"
"4488","SIJ"
"4489","SIL"
"4490","SILJ"
"4491","SILLF"
"4492","SIM"
"4493","SIMO"
"4494","SIMS"
"4495","SINGF"
"4496","SIOLF"
"4497","SIOLY"
"4498","SIOPF"
"4499","SIRI"
"4500","SIRZF"
"4501","SISXF"
"4502","SITIY"
"4503","SIVBP"
"4504","SIXH"
"4505","SIXL"
"4506","SIXS"
"4507","SIZE"
"4508","SJI"
"4509","SJIJ"
"4510","SJM"
"4511","SJNK"
"4512","SJT"
"4513","SKFOF"
"4514","SKFRY"
"4515","SKHCF"
"4516","SKHSY"
"4517","SKLKY"
"4518","SKM"
"4519","SKNVY"
"4520","SKOR"
"4521","SKSJF"
"4522","SKTPP"
"4523","SKUYF"
"4524","SKVKY"
"4525","SKYTY"
"4526","SKYY"
"4527","SKYZF"
"4528","SLB"
"4529","SLCA"
"4530","SLCJY"
"4531","SLF"
"4532","SLFPY"
"4533","SLFSF"
"4534","SLGN"
"4535","SLLDY"
"4536","SLM"
"4537","SLMAF"
"4538","SLMBP"
"4539","SLMNP"
"4540","SLP"
"4541","SLQD"
"4542","SLRC"
"4543","SLT"
"4544","SLVFF"
"4545","SLVO"
"4546","SLVP"
"4547","SLX"
"4548","SLY"
"4549","SLYV"
"4550","SM"
"4551","SMAWF"
"4552","SMBC"
"4553","SMCAY"
"4554","SMCBF"
"4555","SMDD"
"4556","SMEBF"
"4557","SMECF"
"4558","SMEZ"
"4559","SMFG"
"4560","SMFKY"
"4561","SMFNF"
"4562","SMFTF"
"4563","SMG"
"4564","SMGBF"
"4565","SMGBY"
"4566","SMGKF"
"4567","SMGZY"
"4568","SMH"
"4569","SMHB"
"4570","SMIN"
"4571","SMLF"
"4572","SMLV"
"4573","SMM"
"4574","SMMCF"
"4575","SMMD"
"4576","SMMF"
"4577","SMMNY"
"4578","SMMV"
"4579","SMMYY"
"4580","SMN"
"4581","SMNNY"
"4582","SMP"
"4583","SMPNY"
"4584","SMTA"
"4585","SMTOF"
"4586","SMTUF"
"4587","SMUUY"
"4588","SMWZF"
"4589","SNA"
"4590","SNCAF"
"4591","SNE"
"4592","SNEJF"
"4593","SNFRF"
"4594","SNFRY"
"4595","SNGNF"
"4596","SNLAF"
"4597","SNLC"
"4598","SNLN"
"4599","SNMCY"
"4600","SNMMF"
"4601","SNMRF"
"4602","SNN"
"4603","SNP"
"4604","SNPE"
"4605","SNPMF"
"4606","SNPTF"
"4607","SNR"
"4608","SNUG"
"4609","SNX"
"4610","SNYFY"
"4611","SNYNF"
"4612","SNYYF"
"4613","SO"
"4614","SOBKY"
"4615","SOBS"
"4616","SOHO"
"4617","SOHOB"
"4618","SOHON"
"4619","SOHOO"
"4620","SOHVF"
"4621","SOHVY"
"4622","SOIL"
"4623","SOJA"
"4624","SOJB"
"4625","SOJC"
"4626","SOJD"
"4627","SOLVY"
"4628","SOMC"
"4629","SOME"
"4630","SOMLY"
"4631","SONA"
"4632","SOVB"
"4633","SOXS"
"4634","SOXX"
"4635","SPASF"
"4636","SPB"
"4637","SPBO"
"4638","SPDN"
"4639","SPDV"
"4640","SPDW"
"4641","SPEU"
"4642","SPGP"
"4643","SPGYF"
"4644","SPH"
"4645","SPHB"
"4646","SPHQ"
"4647","SPHY"
"4648","SPIB"
"4649","SPKE"
"4650","SPKKY"
"4651","SPKOY"
"4652","SPLG"
"4653","SPMD"
"4654","SPMLF"
"4655","SPMO"
"4656","SPMV"
"4657","SPMYY"
"4658","SPNS"
"4659","SPNUF"
"4660","SPOK"
"4661","SPPGF"
"4662","SPR"
"4663","SPRT"
"4664","SPSK"
"4665","SPSTF"
"4666","SPSTY"
"4667","SPTM"
"4668","SPTN"
"4669","SPUU"
"4670","SPXCF"
"4671","SPXE"
"4672","SPXL"
"4673","SPXSF"
"4674","SPY"
"4675","SQCF"
"4676","SQM"
"4677","SQNNY"
"4678","SQNXF"
"4679","SQQQ"
"4680","SQZZF"
"4681","SR"
"4682","SRC"
"4683","SRE"
"4684","SREA"
"4685","SRET"
"4686","SRHBY"
"4687","SRHGF"
"4688","SRLN"
"4689","SRLP"
"4690","SRLY"
"4691","SRMGF"
"4692","SRS"
"4693","SRTTY"
"4694","SRV"
"4695","SRVR"
"4696","SSB"
"4697","SSBI"
"4698","SSD"
"4699","SSDOY"
"4700","SSEEF"
"4701","SSEZY"
"4702","SSGEF"
"4703","SSLZY"
"4704","SSMXF"
"4705","SSMXY"
"4706","SSNC"
"4707","SSNT"
"4708","SSO"
"4709","SSPPF"
"4710","SSPY"
"4711","SSREF"
"4712","SSREY"
"4713","SSSS"
"4714","SSTK"
"4715","SSUMY"
"4716","STAG"
"4717","STAR"
"4718","STAY"
"4719","STBA"
"4720","STBFF"
"4721","STBMF"
"4722","STE"
"4723","STECF"
"4724","STJPF"
"4725","STK"
"4726","STKAF"
"4727","STLC"
"4728","STLJF"
"4729","STLV"
"4730","STM"
"4731","STMB"
"4732","STMEF"
"4733","STMNF"
"4734","STND"
"4735","STNG"
"4736","STOHF"
"4737","STOSF"
"4738","STOT"
"4739","STPZ"
"4740","STRA"
"4741","STRNY"
"4742","STTSY"
"4743","STWD"
"4744","STZ"
"4745","STZ-B"
"4746","SU"
"4747","SUB"
"4748","SUEZF"
"4749","SUGBY"
"4750","SUHJF"
"4751","SUI"
"4752","SULZF"
"4753","SUMXF"
"4754","SUN"
"4755","SUNS"
"4756","SUOPY"
"4757","SUPV"
"4758","SURRY"
"4759","SURVF"
"4760","SUSA"
"4761","SUSB"
"4762","SUTNY"
"4763","SUUIF"
"4764","SVBI"
"4765","SVBT"
"4766","SVCBY"
"4767","SVKEF"
"4768","SVNBY"
"4769","SVNDF"
"4770","SVNDY"
"4771","SVNLY"
"4772","SVYSF"
"4773","SWAN"
"4774","SWCH"
"4775","SWGAY"
"4776","SWGNF"
"4777","SWK"
"4778","SWKS"
"4779","SWM"
"4780","SWPFF"
"4781","SWPIF"
"4782","SWPRF"
"4783","SWRAY"
"4784","SWRBF"
"4785","SWRBY"
"4786","SWSSF"
"4787","SWX"
"4788","SWZ"
"4789","SXC"
"4790","SXYAY"
"4791","SYANY"
"4792","SYBJF"
"4793","SYDDF"
"4794","SYE"
"4795","SYFHF"
"4796","SYG"
"4797","SYIEF"
"4798","SYIEY"
"4799","SYK"
"4800","SYY"
"4801","SZGPY"
"4802","SZKBF"
"4803","SZKMF"
"4804","SZKMY"
"4805","SZNE"
"4806","SZNTF"
"4807","T"
"4808","TABCF"
"4809","TAC"
"4810","TACBY"
"4811","TACYY"
"4812","TAIL"
"4813","TAIPY"
"4814","TAIT"
"4815","TAN"
"4816","TANNL"
"4817","TANNZ"
"4818","TAO"
"4819","TAOIF"
"4820","TAPOF"
"4821","TATYF"
"4822","TATYY"
"4823","TAXF"
"4824","TBAKF"
"4825","TBB"
"4826","TBF"
"4827","TBLU"
"4828","TBND"
"4829","TBT"
"4830","TBVPF"
"4831","TBVPY"
"4832","TCANF"
"4833","TCBIL"
"4834","TCBK"
"4835","TCCPY"
"4836","TCEHY"
"4837","TCFC"
"4838","TCFCP"
"4839","TCISF"
"4840","TCKRF"
"4841","TCLAF"
"4842","TCMFF"
"4843","TCPC"
"4844","TCPFF"
"4845","TCRW"
"4846","TCS"
"4847","TCTL"
"4848","TCTZF"
"4849","TCYMF"
"4850","TCYMY"
"4851","TD"
"4852","TDA"
"4853","TDCB"
"4854","TDE"
"4855","TDF"
"4856","TDIV"
"4857","TDJ"
"4858","TDTF"
"4859","TDV"
"4860","TEAF"
"4861","TECK"
"4862","TECL"
"4863","TECS"
"4864","TEFOF"
"4865","TELDF"
"4866","TELNY"
"4867","TEMPF"
"4868","TER"
"4869","TERM"
"4870","TERP"
"4871","TERRF"
"4872","TESS"
"4873","TETAB"
"4874","TFC"
"4875","TFI"
"4876","TFIV"
"4877","TFLO"
"4878","TFX"
"4879","TGA"
"4880","TGASF"
"4881","TGGFF"
"4882","TGI"
"4883","TGLS"
"4884","TGLVY"
"4885","TGNA"
"4886","TGONF"
"4887","TGOPF"
"4888","TGOSY"
"4889","TGP"
"4890","TGSGY"
"4891","TGT"
"4892","THAFF"
"4893","THDDY"
"4894","THG"
"4895","THGA"
"4896","THKLF"
"4897","THKLY"
"4898","THLEF"
"4899","THNUY"
"4900","THO"
"4901","THVB"
"4902","THW"
"4903","THYCF"
"4904","THYCY"
"4905","TIAOF"
"4906","TIF"
"4907","TINLY"
"4908","TIP"
"4909","TIPT"
"4910","TIPX"
"4911","TISCF"
"4912","TISCY"
"4913","TJIPF"
"4914","TJX"
"4915","TKC"
"4916","TKCBY"
"4917","TKFOY"
"4918","TKGSF"
"4919","TKGSY"
"4920","TKKHF"
"4921","TKOMF"
"4922","TKR"
"4923","TKURF"
"4924","TKYMY"
"4925","TLDH"
"4926","TLGHY"
"4927","TLI"
"4928","TLK"
"4929","TLKGY"
"4930","TLKMF"
"4931","TLKTF"
"4932","TLRD"
"4933","TLSNY"
"4934","TLT"
"4935","TLTD"
"4936","TLTE"
"4937","TLTZF"
"4938","TLYS"
"4939","TM"
"4940","TMDV"
"4941","TMFC"
"4942","TMNSF"
"4943","TMP"
"4944","TMSNY"
"4945","TMV"
"4946","TMXXF"
"4947","TNA"
"4948","TNP"
"4949","TNRK"
"4950","TNRSF"
"4951","TNTTF"
"4952","TOAOF"
"4953","TOIPY"
"4954","TOK"
"4955","TOKE"
"4956","TOKTY"
"4957","TOKUF"
"4958","TOKUY"
"4959","TOLZ"
"4960","TOPPY"
"4961","TORDF"
"4962","TORSF"
"4963","TORW"
"4964","TOSBF"
"4965","TOSCF"
"4966","TOTDF"
"4967","TOTDY"
"4968","TOTL"
"4969","TOTZF"
"4970","TOYOF"
"4971","TPAY"
"4972","TPB"
"4973","TPCO"
"4974","TPDKY"
"4975","TPHD"
"4976","TPIF"
"4977","TPL"
"4978","TPLC"
"4979","TPR"
"4980","TPSC"
"4981","TPVG"
"4982","TPYP"
"4983","TPZ"
"4984","TR"
"4985","TRCY"
"4986","TREAF"
"4987","TRGP"
"4988","TRI"
"4989","TRIP"
"4990","TRMD"
"4991","TRMK"
"4992","TRMLF"
"4993","TRMT"
"4994","TRN"
"4995","TRND"
"4996","TRNO"
"4997","TROW"
"4998","TROX"
"4999","TRP"
"5000","TRST"
"5001","TRSWF"
"5002","TRTN"
"5003","TRTY"
"5004","TRU"
"5005","TRUMF"
"5006","TRUMY"
"5007","TRUX"
"5008","TRV"
"5009","TRWH"
"5010","TRYIY"
"5011","TS"
"5012","TSBA"
"5013","TSBK"
"5014","TSCAP"
"5015","TSCBP"
"5016","TSCDY"
"5017","TSCFY"
"5018","TSCO"
"5019","TSE"
"5020","TSGTF"
"5021","TSGTY"
"5022","TSHMY"
"5023","TSHTY"
"5024","TSI"
"5025","TSIOF"
"5026","TSLLF"
"5027","TSLTF"
"5028","TSLX"
"5029","TSM"
"5030","TSN"
"5031","TSRYF"
"5032","TSRYY"
"5033","TSSJF"
"5034","TSU"
"5035","TSUKY"
"5036","TT"
"5037","TTAC"
"5038","TTAI"
"5039","TTALF"
"5040","TTAPY"
"5041","TTC"
"5042","TTDKF"
"5043","TTEC"
"5044","TTEK"
"5045","TTFNF"
"5046","TTGPF"
"5047","TTNDF"
"5048","TTPPF"
"5049","TTRAF"
"5050","TTWSF"
"5051","TTYP"
"5052","TUERF"
"5053","TUFBY"
"5054","TUIFF"
"5055","TUIFY"
"5056","TULLF"
"5057","TUP"
"5058","TUWLF"
"5059","TUWOY"
"5060","TVBCF"
"5061","TVC"
"5062","TVE"
"5063","TVPKF"
"5064","TWCF"
"5065","TWI"
"5066","TWIRF"
"5067","TWMIF"
"5068","TWN"
"5069","TWO"
"5070","TWODY"
"5071","TX"
"5072","TXHPF"
"5073","TXWHF"
"5074","TY"
"5075","TYBT"
"5076","TYG"
"5077","TYHOF"
"5078","TYO"
"5079","TYOBY"
"5080","TYOYY"
"5081","TZA"
"5082","UAE"
"5083","UAN"
"5084","UAPR"
"5085","UAUG"
"5086","UBA"
"5087","UBAAF"
"5088","UBCP"
"5089","UBEOF"
"5090","UBNC"
"5091","UBS"
"5092","UBSI"
"5093","UBT"
"5094","UCBI"
"5095","UCBJF"
"5096","UCC"
"5097","UCLQF"
"5098","UCPLF"
"5099","UDFI"
"5100","UDHCF"
"5101","UDN"
"5102","UDOW"
"5103","UEHPY"
"5104","UELMO"
"5105","UEPEM"
"5106","UEPEO"
"5107","UEPEP"
"5108","UEVM"
"5109","UFCS"
"5110","UFPI"
"5111","UFS"
"5112","UG"
"5113","UGE"
"5114","UGP"
"5115","UHAL"
"5116","UHS"
"5117","UHT"
"5118","UI"
"5119","UIVM"
"5120","UJB"
"5121","UJUL"
"5122","UJUN"
"5123","UL"
"5124","ULST"
"5125","ULTR"
"5126","UMDD"
"5127","UMH"
"5128","UMICF"
"5129","UMPQ"
"5130","UN"
"5131","UNB"
"5132","UNCFF"
"5133","UNCHF"
"5134","UNCRY"
"5135","UNIEF"
"5136","UNLRF"
"5137","UNLRY"
"5138","UNLVF"
"5139","UNLYF"
"5140","UNM"
"5141","UNP"
"5142","UNPA"
"5143","UNTY"
"5144","UOCT"
"5145","UOLGY"
"5146","UOVEF"
"5147","UPMMY"
"5148","UPNRF"
"5149","UPRO"
"5150","UPS"
"5151","UPV"
"5152","UPW"
"5153","URA"
"5154","URNAF"
"5155","URTY"
"5156","USA"
"5157","USAC"
"5158","USAI"
"5159","USB"
"5160","USDU"
"5161","USEP"
"5162","USEQ"
"5163","USFR"
"5164","USHG"
"5165","USHY"
"5166","USI"
"5167","USIG"
"5168","USLM"
"5169","USMF"
"5170","USMV"
"5171","USNZY"
"5172","USOI"
"5173","USRT"
"5174","UST"
"5175","USTB"
"5176","UTES"
"5177","UTF"
"5178","UTG"
"5179","UTL"
"5180","UTMD"
"5181","UTRN"
"5182","UTSL"
"5183","UUGRY"
"5184","UUP"
"5185","UVPOF"
"5186","UVSP"
"5187","UVV"
"5188","UWM"
"5189","UYM"
"5190","UZA"
"5191","UZB"
"5192","V"
"5193","VABB"
"5194","VABK"
"5195","VAC"
"5196","VACNY"
"5197","VALE"
"5198","VALQ"
"5199","VALU"
"5200","VAW"
"5201","VB"
"5202","VBK"
"5203","VBND"
"5204","VCF"
"5205","VCIF"
"5206","VCISF"
"5207","VCLT"
"5208","VCR"
"5209","VCSH"
"5210","VCVOF"
"5211","VDAHY"
"5212","VDE"
"5213","VDMCY"
"5214","VEA"
"5215","VEDL"
"5216","VEGA"
"5217","VEGI"
"5218","VEGN"
"5219","VEGPF"
"5220","VEMLY"
"5221","VEOEY"
"5222","VEON"
"5223","VER"
"5224","VERY"
"5225","VESTF"
"5226","VET"
"5227","VETTF"
"5228","VEU"
"5229","VFC"
"5230","VFH"
"5231","VFL"
"5232","VFLQ"
"5233","VFMF"
"5234","VFMO"
"5235","VFMV"
"5236","VFVA"
"5237","VGGDF"
"5238","VGI"
"5239","VGIT"
"5240","VGK"
"5241","VGLT"
"5242","VGM"
"5243","VGT"
"5244","VHC"
"5245","VHI"
"5246","VHT"
"5247","VICI"
"5248","VIG"
"5249","VIOG"
"5250","VIOV"
"5251","VIRT"
"5252","VIS"
"5253","VIV"
"5254","VIVEF"
"5255","VIVHY"
"5256","VKI"
"5257","VKQ"
"5258","VLGEA"
"5259","VLO"
"5260","VLPNY"
"5261","VLU"
"5262","VLUE"
"5263","VLVLY"
"5264","VLY"
"5265","VLYPO"
"5266","VLYPP"
"5267","VMI"
"5268","VMO"
"5269","VMOT"
"5270","VNLA"
"5271","VNM"
"5272","VNNVF"
"5273","VNOM"
"5274","VNQ"
"5275","VNWTF"
"5276","VOC"
"5277","VODPF"
"5278","VOE"
"5279","VONOY"
"5280","VOO"
"5281","VOOV"
"5282","VOT"
"5283","VOX"
"5284","VPC"
"5285","VPGLF"
"5286","VRIG"
"5287","VRP"
"5288","VRS"
"5289","VRSK"
"5290","VRTS"
"5291","VSCFF"
"5292","VSEC"
"5293","VSH"
"5294","VSL"
"5295","VSMV"
"5296","VST"
"5297","VTA"
"5298","VTC"
"5299","VTEB"
"5300","VTI"
"5301","VTIP"
"5302","VTKLF"
"5303","VTKLY"
"5304","VTR"
"5305","VTWG"
"5306","VTWO"
"5307","VTWV"
"5308","VUG"
"5309","VUSE"
"5310","VV"
"5311","VVI"
"5312","VVV"
"5313","VWDRY"
"5314","VWO"
"5315","VWOB"
"5316","VWSYF"
"5317","VXF"
"5318","VXUS"
"5319","VYM"
"5320","VYMI"
"5321","WAB"
"5322","WACLY"
"5323","WACMY"
"5324","WAL"
"5325","WALA"
"5326","WANT"
"5327","WARFF"
"5328","WARFY"
"5329","WASH"
"5330","WBA"
"5331","WBIE"
"5332","WBIF"
"5333","WBIG"
"5334","WBII"
"5335","WBIL"
"5336","WBIY"
"5337","WBQNL"
"5338","WBS"
"5339","WCFB"
"5340","WCHNF"
"5341","WCN"
"5342","WCRS"
"5343","WDC"
"5344","WDFC"
"5345","WDFN"
"5346","WDIV"
"5347","WDR"
"5348","WEA"
"5349","WEBNF"
"5350","WEBS"
"5351","WEDXF"
"5352","WEGZY"
"5353","WEICF"
"5354","WEIGF"
"5355","WEIN"
"5356","WEJTY"
"5357","WELPM"
"5358","WELPP"
"5359","WETF"
"5360","WFAFY"
"5361","WFHY"
"5362","WFIG"
"5363","WFSTF"
"5364","WFTBF"
"5365","WH"
"5366","WHD"
"5367","WHF"
"5368","WHFBZ"
"5369","WHG"
"5370","WHGLY"
"5371","WHLKY"
"5372","WHR"
"5373","WHZT"
"5374","WIA"
"5375","WIGBY"
"5376","WIMHY"
"5377","WINA"
"5378","WING"
"5379","WIPKF"
"5380","WIT"
"5381","WIW"
"5382","WIZ"
"5383","WJRYY"
"5384","WLDR"
"5385","WMC"
"5386","WMMVF"
"5387","WMS"
"5388","WNC"
"5389","WNDLF"
"5390","WNEB"
"5391","WNGRF"
"5392","WNRP"
"5393","WOMN"
"5394","WOOD"
"5395","WOPEF"
"5396","WOR"
"5397","WOSCF"
"5398","WOSSF"
"5399","WPC"
"5400","WPG"
"5401","WPPGF"
"5402","WPS"
"5403","WPTIF"
"5404","WQTEF"
"5405","WRDEF"
"5406","WRE"
"5407","WRFRF"
"5408","WRI"
"5409","WRK"
"5410","WRTBF"
"5411","WSBC"
"5412","WSM"
"5413","WSO"
"5414","WSO-B"
"5415","WSR"
"5416","WSSH"
"5417","WST"
"5418","WTBA"
"5419","WTBDY"
"5420","WTBFA"
"5421","WTCHF"
"5422","WTFC"
"5423","WTFCM"
"5424","WTKWY"
"5425","WTM"
"5426","WTMF"
"5427","WTRG"
"5428","WTRU"
"5429","WTS"
"5430","WUXIF"
"5431","WVFC"
"5432","WVVIP"
"5433","WWD"
"5434","WWE"
"5435","WWNTF"
"5436","WWNTY"
"5437","WY"
"5438","WYGPF"
"5439","WYND"
"5440","WYNMF"
"5441","X"
"5442","XAR"
"5443","XAUMF"
"5444","XBI"
"5445","XBUY"
"5446","XCEM"
"5447","XCOM"
"5448","XEC"
"5449","XEL"
"5450","XES"
"5451","XFLT"
"5452","XHB"
"5453","XHR"
"5454","XIN"
"5455","XIORF"
"5456","XITK"
"5457","XLC"
"5458","XLF"
"5459","XLG"
"5460","XLI"
"5461","XLK"
"5462","XLNX"
"5463","XLP"
"5464","XLRE"
"5465","XLU"
"5466","XLV"
"5467","XMHQ"
"5468","XMMO"
"5469","XMVM"
"5470","XNGSF"
"5471","XOM"
"5472","XOP"
"5473","XPER"
"5474","XPPLF"
"5475","XRAY"
"5476","XRLV"
"5477","XRT"
"5478","XSD"
"5479","XSHQ"
"5480","XSLV"
"5481","XSMO"
"5482","XSOE"
"5483","XSVM"
"5484","XSW"
"5485","XT"
"5486","XTL"
"5487","XWEB"
"5488","XYIGF"
"5489","Y"
"5490","YACAF"
"5491","YAHOF"
"5492","YAMCY"
"5493","YAMHF"
"5494","YANG"
"5495","YARIY"
"5496","YASKF"
"5497","YASKY"
"5498","YDUQY"
"5499","YIPCF"
"5500","YKLTY"
"5501","YLCO"
"5502","YLD"
"5503","YLDE"
"5504","YMDAF"
"5505","YOLO"
"5506","YORUF"
"5507","YORUY"
"5508","YORW"
"5509","YRAIF"
"5510","YTRGF"
"5511","YUEIF"
"5512","YUEIY"
"5513","YUGVF"
"5514","YUM"
"5515","YUXXF"
"5516","YYY"
"5517","YZCAY"
"5518","YZOFF"
"5519","ZBH"
"5520","ZCAN"
"5521","ZDEU"
"5522","ZFSVF"
"5523","ZHAOF"
"5524","ZHUZY"
"5525","ZIJMF"
"5526","ZIJMY"
"5527","ZION"
"5528","ZIONL"
"5529","ZIONN"
"5530","ZNKKY"
"5531","ZROZ"
"5532","ZSHGY"
"5533","ZTCOF"
"5534","ZTCOY"
"5535","ZTO"
"5536","ZTR"
"5537","ZTS"
"5538","ZURVY"
